mode,perturbation_type,severity,clean_success_rate,perturbed_success_rate,success_rate_drop,clean_collision_rate,perturbed_collision_rate,collision_rate_increase,clean_timeout_rate,perturbed_timeout_rate,timeout_rate_increase,clean_path_efficiency,perturbed_path_efficiency,path_efficiency_reduction,clean_min_obstacle_distance_cells,perturbed_min_obstacle_distance_cells,min_obstacle_distance_reduction,clean_total_inference_latency_ms,perturbed_total_inference_latency_ms,inference_latency_change_ms
mono,depth_noise,extreme,0.956,0.908,0.04799999999999993,0.0,0.0,0.0,0.044,0.092,0.048,0.7600523268124411,0.7097747452717909,0.05027758154065021,1.336685791015625,1.3462860107421875,-0.009600219726562553,40.84080250337608,40.848188271304956,0.007385767928873577
mono,depth_noise,high,0.956,0.944,0.01200000000000001,0.0,0.0,0.0,0.044,0.056,0.012000000000000004,0.7600523268124411,0.7431121485533111,0.016940178259129968,1.336685791015625,1.3422735595703126,-0.005587768554687678,40.84080250337608,40.892154246676164,0.05135174330008141
mono,depth_noise,low,0.956,0.952,0.0040000000000000036,0.0,0.0,0.0,0.044,0.048,0.0040000000000000036,0.7600523268124411,0.7542926697707467,0.005759657041694344,1.336685791015625,1.34948583984375,-0.012800048828125021,40.84080250337608,40.8796252861216,0.038822782745519646
mono,depth_noise,medium,0.956,0.944,0.01200000000000001,0.0,0.0,0.0,0.044,0.056,0.012000000000000004,0.7600523268124411,0.7447066719926799,0.015345654819761134,1.336685791015625,1.3438857421875,-0.0071999511718749964,40.84080250337608,40.81556879034903,-0.02523371302704902
mono,image_blur,extreme,0.956,0.728,0.22799999999999998,0.0,0.048,0.048,0.044,0.224,0.18,0.7600523268124411,0.5331207199696326,0.22693160684280844,1.336685791015625,1.402260986328125,-0.06557519531250011,40.84080250337608,40.82075670495246,-0.02004579842362375
mono,image_blur,high,0.956,0.728,0.22799999999999998,0.0,0.004,0.004,0.044,0.268,0.22400000000000003,0.7600523268124411,0.5324608311006016,0.22759149571183945,1.336685791015625,1.4966478271484376,-0.15996203613281268,40.84080250337608,40.85982447465867,0.019021971282590755
mono,image_blur,low,0.956,0.92,0.03599999999999992,0.0,0.0,0.0,0.044,0.08,0.036000000000000004,0.7600523268124411,0.7055039445715704,0.05454838224087066,1.336685791015625,1.4318612060546876,-0.09517541503906268,40.84080250337608,40.85936430417385,0.01856180079776948
mono,image_blur,medium,0.956,0.848,0.10799999999999998,0.0,0.0,0.0,0.044,0.152,0.108,0.7600523268124411,0.6357131759281619,0.12433915088427916,1.336685791015625,1.4582608642578125,-0.12157507324218764,40.84080250337608,40.86404409212488,0.023241588748796005
mono,partial_occlusion,extreme,0.956,0.832,0.124,0.0,0.128,0.128,0.044,0.04,-0.003999999999999997,0.7600523268124411,0.6439707535680227,0.11608157324441837,1.336685791015625,1.1990859375,0.13759985351562487,40.84080250337608,40.943337057598676,0.1025345542225935
mono,partial_occlusion,high,0.956,0.844,0.11199999999999999,0.0,0.12,0.12,0.044,0.036,-0.008,0.7600523268124411,0.6561915563133381,0.10386077049910292,1.336685791015625,1.21348583984375,0.12319995117187488,40.84080250337608,40.88920529162279,0.04840278824670463
mono,partial_occlusion,low,0.956,0.92,0.03599999999999992,0.0,0.04,0.04,0.044,0.04,-0.003999999999999997,0.7600523268124411,0.7255790036151013,0.034473323197339756,1.336685791015625,1.28948583984375,0.04719995117187481,40.84080250337608,40.86973197339563,0.028929470019548376
mono,partial_occlusion,medium,0.956,0.868,0.08799999999999997,0.0,0.092,0.092,0.044,0.04,-0.003999999999999997,0.7600523268124411,0.6784183360101579,0.08163399080228317,1.336685791015625,1.2398858642578126,0.09679992675781235,40.84080250337608,40.883790021822826,0.04298751844674342
mono,reduced_resolution,extreme,0.956,0.724,0.23199999999999998,0.0,0.012,0.012,0.044,0.264,0.22000000000000003,0.7600523268124411,0.5241438976049679,0.23590842920747312,1.336685791015625,1.4613616943359375,-0.12467590332031264,40.84080250337608,40.861297366550815,0.020494863174732814
mono,reduced_resolution,high,0.956,0.728,0.22799999999999998,0.0,0.052,0.052,0.044,0.22,0.176,0.7600523268124411,0.5399988665328478,0.22005346027959327,1.336685791015625,1.4366356201171875,-0.09994982910156258,40.84080250337608,40.86423282975634,0.023430326380257327
mono,reduced_resolution,low,0.956,0.92,0.03599999999999992,0.0,0.0,0.0,0.044,0.08,0.036000000000000004,0.7600523268124411,0.7201830571000964,0.03986926971234461,1.336685791015625,1.4286612548828126,-0.09197546386718769,40.84080250337608,40.88408110656294,0.043278603186855946
mono,reduced_resolution,medium,0.956,0.768,0.18799999999999994,0.0,0.0,0.0,0.044,0.232,0.188,0.7600523268124411,0.5751570187015879,0.1848953081108532,1.336685791015625,1.4574609375,-0.12077514648437515,40.84080250337608,40.874246423708996,0.03344392033291399
stereo,depth_noise,extreme,0.808,0.764,0.04400000000000004,0.0,0.008,0.008,0.192,0.228,0.036000000000000004,0.6408890941831855,0.5948735097957492,0.04601558438743636,2.7979093017578127,2.8320125732421877,-0.034103271484374975,12.255187650534305,12.26934196037756,0.014154309843254609
stereo,depth_noise,high,0.808,0.828,-0.019999999999999907,0.0,0.004,0.004,0.192,0.168,-0.023999999999999994,0.6408890941831855,0.6433071452571257,-0.0024180510739402195,2.7979093017578127,2.764197998046875,0.03371130371093756,12.255187650534305,12.294173352057532,0.038985701523227334
stereo,depth_noise,low,0.808,0.848,-0.039999999999999925,0.0,0.0,0.0,0.192,0.152,-0.04000000000000001,0.6408890941831855,0.6613043019482759,-0.020415207765090426,2.7979093017578127,2.8010721435546877,-0.0031628417968749822,12.255187650534305,12.305745063059462,0.050557412525156664
stereo,depth_noise,medium,0.808,0.848,-0.039999999999999925,0.0,0.012,0.012,0.192,0.14,-0.05199999999999999,0.6408890941831855,0.6638014395879448,-0.022912345404759282,2.7979093017578127,2.798499267578125,-0.0005899658203123437,12.255187650534305,12.23050764784991,-0.024680002684394964
stereo,image_blur,extreme,0.808,0.824,-0.015999999999999903,0.0,0.104,0.104,0.192,0.072,-0.12000000000000001,0.6408890941831855,0.6527637356669218,-0.011874641483736292,2.7979093017578127,3.01429931640625,-0.2163900146484372,12.255187650534305,12.240615777534448,-0.014571872999857405
stereo,image_blur,high,0.808,0.756,0.052000000000000046,0.0,0.16,0.16,0.192,0.084,-0.108,0.6408890941831855,0.5926440267671049,0.04824506741608059,2.7979093017578127,2.8807864990234373,-0.08287719726562459,12.255187650534305,12.280460225132417,0.025272574598112385
stereo,image_blur,low,0.808,0.832,-0.02399999999999991,0.0,0.08,0.08,0.192,0.088,-0.10400000000000001,0.6408890941831855,0.6425490821119323,-0.0016599879287467756,2.7979093017578127,2.851459228515625,-0.053549926757812116,12.255187650534305,12.282931227810447,0.027743577276142517
stereo,image_blur,medium,0.808,0.836,-0.027999999999999914,0.0,0.08,0.08,0.192,0.084,-0.108,0.6408890941831855,0.6578902368481383,-0.017001142664952784,2.7979093017578127,2.83158349609375,-0.0336741943359371,12.255187650534305,12.277752567161395,0.022564916627089815
stereo,partial_occlusion,extreme,0.808,0.404,0.404,0.0,0.508,0.508,0.192,0.088,-0.10400000000000001,0.6408890941831855,0.3455033536619254,0.2953857405212601,2.7979093017578127,2.3329234619140626,0.4649858398437501,12.255187650534305,12.365898706320426,0.11071105578612084
stereo,partial_occlusion,high,0.808,0.46,0.34800000000000003,0.0,0.42,0.42,0.192,0.12,-0.07200000000000001,0.6408890941831855,0.38608267004399816,0.25480642413918736,2.7979093017578127,2.4427213134765626,0.3551879882812501,12.255187650534305,12.29777846402645,0.04259081349214533
stereo,partial_occlusion,low,0.808,0.648,0.16000000000000003,0.0,0.212,0.212,0.192,0.14,-0.05199999999999999,0.6408890941831855,0.5234627734304277,0.11742632075275783,2.7979093017578127,2.5819215087890623,0.21598779296875037,12.255187650534305,12.286597933941936,0.03141028340763086
stereo,partial_occlusion,medium,0.808,0.524,0.28400000000000003,0.0,0.34,0.34,0.192,0.136,-0.055999999999999994,0.6408890941831855,0.43502920317164284,0.20585989101154267,2.7979093017578127,2.472173095703125,0.32573620605468756,12.255187650534305,12.299431642965757,0.044243992431452384
stereo,reduced_resolution,extreme,0.808,0.792,0.016000000000000014,0.0,0.128,0.128,0.192,0.08,-0.112,0.6408890941831855,0.6273884071130253,0.013500687070160167,2.7979093017578127,3.0215242919921876,-0.22361499023437492,12.255187650534305,12.28184276890856,0.026655118374254272
stereo,reduced_resolution,high,0.808,0.68,0.128,0.0,0.224,0.224,0.192,0.096,-0.096,0.6408890941831855,0.5196362792185248,0.12125281496466067,2.7979093017578127,2.7346722412109377,0.06323706054687506,12.255187650534305,12.276688238869369,0.021500588335063853
stereo,reduced_resolution,low,0.808,0.828,-0.019999999999999907,0.0,0.08,0.08,0.192,0.092,-0.1,0.6408890941831855,0.6587345862302175,-0.017845492047032008,2.7979093017578127,2.8643087158203127,-0.06639941406249994,12.255187650534305,12.301016632866325,0.045828982332020374
stereo,reduced_resolution,medium,0.808,0.836,-0.027999999999999914,0.0,0.08,0.08,0.192,0.084,-0.108,0.6408890941831855,0.6558130681814752,-0.014923973998289708,2.7979093017578127,2.7987830810546876,-0.0008737792968749325,12.255187650534305,12.303493771805218,0.048306121270913494
