run_id,method,episode,success,steps,path_length,final_distance,hazard_encounters,total_reward,hazard_penalty,grid,max_steps,encounter_threshold,termination_threshold,perception_noise,replan_frequency,confidence_decay,observation_radius,aerial_cell_px,timestamp_utc
2026-04-04_19-53-17,A*,1,1,54,73.88225099390851,0.0,6,411.318620094037,3.6425262689590454,50,200,0.2,0.9,0.0,0,0.99,2,8,2026-04-05T00:09:45.704256
2026-04-04_19-53-17,A*,2,1,53,70.81118318204302,0.0,0,410.95208845057954,0.0,50,200,0.2,0.9,0.0,0,0.99,2,8,2026-04-05T00:09:45.704421
2026-04-04_19-53-17,A*,3,1,67,88.95331880577395,0.0,0,410.3219663945416,0.0,50,200,0.2,0.9,0.0,0,0.99,2,8,2026-04-05T00:09:45.704428
2026-04-04_19-53-17,A*,4,1,45,63.63961030678923,0.0,0,412.84056214149984,0.0,50,200,0.2,0.9,0.0,0,0.99,2,8,2026-04-05T00:09:45.704433
2026-04-04_19-53-17,A*,5,1,49,68.46803743153541,0.0,0,412.6997461165319,0.0,50,200,0.2,0.9,0.0,0,0.99,2,8,2026-04-05T00:09:45.704439
2026-04-04_19-53-17,A*,6,1,50,68.22539674441613,0.0,3,410.4105690169894,1.8158877491950989,50,200,0.2,0.9,0.0,0,0.99,2,8,2026-04-05T00:09:45.704444
2026-04-04_19-53-17,A*,7,1,54,72.22539674441614,0.0,0,413.03633715936024,0.0,50,200,0.2,0.9,0.0,0,0.99,2,8,2026-04-05T00:09:45.704450
2026-04-04_19-53-17,A*,8,1,132,174.24978336205587,0.0,4,415.44927362237195,2.4580010771751404,50,200,0.2,0.9,0.0,0,0.99,2,8,2026-04-05T00:09:45.704455
2026-04-04_19-53-17,A*,9,0,107,135.58073580374352,11.40175425099138,4,142.5861516619006,1.809004545211792,50,200,0.2,0.9,0.0,0,0.99,2,8,2026-04-05T00:09:45.704460
2026-04-04_19-53-17,A*,10,1,47,64.81118318204304,0.0,0,412.99569509536923,0.0,50,200,0.2,0.9,0.0,0,0.99,2,8,2026-04-05T00:09:45.704467
2026-04-04_19-53-17,A*,11,1,49,67.63961030678922,0.0,0,408.49991448235465,0.0,50,200,0.2,0.9,0.0,0,0.99,2,8,2026-04-05T00:09:45.704472
2026-04-04_19-53-17,A*,12,1,57,74.81118318204302,0.0,0,412.43577333881893,0.0,50,200,0.2,0.9,0.0,0,0.99,2,8,2026-04-05T00:09:45.704477
2026-04-04_19-53-17,A*,13,1,105,135.23759005323583,0.0,0,409.54197888752617,0.0,50,200,0.2,0.9,0.0,0,0.99,2,8,2026-04-05T00:09:45.704482
2026-04-04_19-53-17,A*,14,1,45,63.63961030678923,0.0,0,413.324832621783,0.0,50,200,0.2,0.9,0.0,0,0.99,2,8,2026-04-05T00:09:45.704487
2026-04-04_19-53-17,A*,15,1,49,68.46803743153541,0.0,4,413.2605442395713,2.514507293701172,50,200,0.2,0.9,0.0,0,0.99,2,8,2026-04-05T00:09:45.704492
2026-04-04_19-53-17,A*,16,0,124,159.6223663640862,7.0710678118654755,2,168.98582863866446,0.760906994342804,50,200,0.2,0.9,0.0,0,0.99,2,8,2026-04-05T00:09:45.704497
2026-04-04_19-53-17,A*,17,1,45,63.63961030678923,0.0,0,413.2866663056933,0.0,50,200,0.2,0.9,0.0,0,0.99,2,8,2026-04-05T00:09:45.704503
2026-04-04_19-53-17,A*,18,0,128,166.1076477383248,8.94427190999916,17,143.53178371490236,9.70406574010849,50,200,0.2,0.9,0.0,0,0.99,2,8,2026-04-05T00:09:45.704509
2026-04-04_19-53-17,A*,19,1,46,64.22539674441613,0.0,4,412.99143321558955,1.759844958782196,50,200,0.2,0.9,0.0,0,0.99,2,8,2026-04-05T00:09:45.704514
2026-04-04_19-53-17,A*,20,1,83,109.92388155425105,0.0,3,412.11390833960985,1.619953840970993,50,200,0.2,0.9,0.0,0,0.99,2,8,2026-04-05T00:09:45.704520
2026-04-04_19-53-17,A*,21,1,45,63.63961030678923,0.0,2,413.09576724892565,1.1514145135879517,50,200,0.2,0.9,0.0,0,0.99,2,8,2026-04-05T00:09:45.704525
2026-04-04_19-53-17,A*,22,1,74,96.36753236814705,0.0,0,411.50624233341415,0.0,50,200,0.2,0.9,0.0,0,0.99,2,8,2026-04-05T00:09:45.704530
2026-04-04_19-53-17,A*,23,1,57,77.29646455628159,0.0,8,415.22482542279005,4.785811752080917,50,200,0.2,0.9,0.0,0,0.99,2,8,2026-04-05T00:09:45.704535
2026-04-04_19-53-17,A*,24,1,45,63.63961030678923,0.0,0,413.2213053569734,0.0,50,200,0.2,0.9,0.0,0,0.99,2,8,2026-04-05T00:09:45.704541
2026-04-04_19-53-17,A*,25,1,51,68.81118318204304,0.0,0,415.086055870221,0.0,50,200,0.2,0.9,0.0,0,0.99,2,8,2026-04-05T00:09:45.704546
2026-04-04_19-53-17,A*,26,1,48,66.22539674441613,0.0,2,413.4148155872279,1.283471703529358,50,200,0.2,0.9,0.0,0,0.99,2,8,2026-04-05T00:09:45.704551
2026-04-04_19-53-17,A*,27,1,55,71.98275605729685,0.0,0,410.75869129661424,0.0,50,200,0.2,0.9,0.0,0,0.99,2,8,2026-04-05T00:09:45.704556
2026-04-04_19-53-17,A*,28,1,56,75.05382386916231,0.0,0,410.8559460885498,0.0,50,200,0.2,0.9,0.0,0,0.99,2,8,2026-04-05T00:09:45.704561
2026-04-04_19-53-17,A*,29,1,56,75.0538238691623,0.0,0,409.7088056261656,0.0,50,200,0.2,0.9,0.0,0,0.99,2,8,2026-04-05T00:09:45.704566
2026-04-04_19-53-17,A*,30,1,58,77.0538238691623,0.0,0,408.9928332869926,0.0,50,200,0.2,0.9,0.0,0,0.99,2,8,2026-04-05T00:09:45.704571
2026-04-04_19-53-17,A*,31,1,54,71.39696961966993,0.0,0,412.72224999832713,0.0,50,200,0.2,0.9,0.0,0,0.99,2,8,2026-04-05T00:09:45.704576
2026-04-04_19-53-17,A*,32,1,48,66.22539674441613,0.0,0,411.56167540842983,0.0,50,200,0.2,0.9,0.0,0,0.99,2,8,2026-04-05T00:09:45.704581
2026-04-04_19-53-17,A*,33,1,53,71.63961030678924,0.0,0,411.76956653716724,0.0,50,200,0.2,0.9,0.0,0,0.99,2,8,2026-04-05T00:09:45.704586
2026-04-04_19-53-17,A*,34,1,49,67.63961030678924,0.0,1,412.4894894256119,0.2832529842853546,50,200,0.2,0.9,0.0,0,0.99,2,8,2026-04-05T00:09:45.704591
2026-04-04_19-53-17,A*,35,1,53,69.98275605729684,0.0,0,412.24069340813594,0.0,50,200,0.2,0.9,0.0,0,0.99,2,8,2026-04-05T00:09:45.704597
2026-04-04_19-53-17,A*,36,0,78,98.71067811865467,53.74011537017761,19,-114.3351797564853,10.1559556722641,50,200,0.2,0.9,0.0,0,0.99,2,8,2026-04-05T00:09:45.704602
2026-04-04_19-53-17,A*,37,1,67,89.78174593052015,0.0,0,409.2179126570789,0.0,50,200,0.2,0.9,0.0,0,0.99,2,8,2026-04-05T00:09:45.704607
2026-04-04_19-53-17,A*,38,1,45,63.63961030678923,0.0,0,413.2976719104454,0.0,50,200,0.2,0.9,0.0,0,0.99,2,8,2026-04-05T00:09:45.704613
2026-04-04_19-53-17,A*,39,0,1,1.4142135623730951,63.655321851358195,0,-109.53346449641178,0.0,50,200,0.2,0.9,0.0,0,0.99,2,8,2026-04-05T00:09:45.704618
2026-04-04_19-53-17,A*,40,0,1,1.4142135623730951,63.655321851358195,0,-109.48711830882023,0.0,50,200,0.2,0.9,0.0,0,0.99,2,8,2026-04-05T00:09:45.704623
2026-04-04_19-53-17,A*,41,1,48,66.22539674441613,0.0,1,411.5137319593075,0.3831736147403717,50,200,0.2,0.9,0.0,0,0.99,2,8,2026-04-05T00:09:45.704628
2026-04-04_19-53-17,A*,42,1,45,63.63961030678923,0.0,0,413.3227182310492,0.0,50,200,0.2,0.9,0.0,0,0.99,2,8,2026-04-05T00:09:45.704634
2026-04-04_19-53-17,A*,43,1,58,73.74011537017756,0.0,0,413.5235070379018,0.0,50,200,0.2,0.9,0.0,0,0.99,2,8,2026-04-05T00:09:45.704639
2026-04-04_19-53-17,A*,44,1,46,64.22539674441613,0.0,0,412.0336149550088,0.0,50,200,0.2,0.9,0.0,0,0.99,2,8,2026-04-05T00:09:45.704644
2026-04-04_19-53-17,A*,45,1,52,70.22539674441613,0.0,3,412.88023723573343,1.299443542957306,50,200,0.2,0.9,0.0,0,0.99,2,8,2026-04-05T00:09:45.704649
2026-04-04_19-53-17,A*,46,1,55,71.15432893255067,0.0,4,413.0640421470367,2.005291521549225,50,200,0.2,0.9,0.0,0,0.99,2,8,2026-04-05T00:09:45.704654
2026-04-04_19-53-17,A*,47,0,171,220.7056274847718,50.60632371551998,1,-76.38875488328415,0.452503502368927,50,200,0.2,0.9,0.0,0,0.99,2,8,2026-04-05T00:09:45.704660
2026-04-04_19-53-17,A*,48,1,54,73.8822509939085,0.0,3,409.75962591713,1.3297303318977356,50,200,0.2,0.9,0.0,0,0.99,2,8,2026-04-05T00:09:45.704666
2026-04-04_19-53-17,A*,49,0,127,164.69343417595172,13.92838827718412,19,146.66357661602103,11.860323011875153,50,200,0.2,0.9,0.0,0,0.99,2,8,2026-04-05T00:09:45.704671
2026-04-04_19-53-17,A*,50,1,63,82.46803743153541,0.0,0,412.8081389339964,0.0,50,200,0.2,0.9,0.0,0,0.99,2,8,2026-04-05T00:09:45.704678
2026-04-04_19-53-17,PPO,1,0,2,2.8284271247461903,60.81118318204309,0,-104.94643579757438,0.0,50,200,0.2,0.9,0.0,0,0.99,2,8,2026-04-05T00:09:45.704683
2026-04-04_19-53-17,PPO,2,0,18,25.45584412271572,38.18376618407357,0,16.16148456574335,0.0,50,200,0.2,0.9,0.0,0,0.99,2,8,2026-04-05T00:09:45.704688
2026-04-04_19-53-17,PPO,3,0,19,26.870057685088817,36.76955262170047,0,21.07952156789912,0.0,50,200,0.2,0.9,0.0,0,0.99,2,8,2026-04-05T00:09:45.704694
2026-04-04_19-53-17,PPO,4,0,7,9.899494936611667,53.74011537017761,0,-78.29545478704503,0.0,50,200,0.2,0.9,0.0,0,0.99,2,8,2026-04-05T00:09:45.704699
2026-04-04_19-53-17,PPO,5,0,15,21.213203435596434,42.42640687119285,0,-11.092691668169536,0.0,50,200,0.2,0.9,0.0,0,0.99,2,8,2026-04-05T00:09:45.704705
2026-04-04_19-53-17,PPO,6,0,35,49.49747468305831,14.142135623730951,3,137.3735004312233,1.1911338567733765,50,200,0.2,0.9,0.0,0,0.99,2,8,2026-04-05T00:09:45.704805
2026-04-04_19-53-17,PPO,7,0,12,16.970562748477146,46.66904755831214,0,-28.89615857031609,0.0,50,200,0.2,0.9,0.0,0,0.99,2,8,2026-04-05T00:09:45.704812
2026-04-04_19-53-17,PPO,8,0,14,19.798989873223338,43.840620433565945,0,-12.350410863402885,0.0,50,200,0.2,0.9,0.0,0,0.99,2,8,2026-04-05T00:09:45.704818
2026-04-04_19-53-17,PPO,9,0,1,1.4142135623730951,62.22539674441618,0,-103.04443822256172,0.0,50,200,0.2,0.9,0.0,0,0.99,2,8,2026-04-05T00:09:45.704823
2026-04-04_19-53-17,PPO,10,0,1,1.4142135623730951,62.22539674441618,1,-102.8558056151017,0.6290402412414551,50,200,0.2,0.9,0.0,0,0.99,2,8,2026-04-05T00:09:45.704829
2026-04-04_19-53-17,PPO,11,0,1,1.4142135623730951,62.22539674441618,0,-102.84837112775887,0.0,50,200,0.2,0.9,0.0,0,0.99,2,8,2026-04-05T00:09:45.704835
2026-04-04_19-53-17,PPO,12,0,12,16.970562748477146,46.66904755831214,4,-27.74969822391293,2.7165818214416504,50,200,0.2,0.9,0.0,0,0.99,2,8,2026-04-05T00:09:45.704840
2026-04-04_19-53-17,PPO,13,0,22,31.112698372208104,32.526911934581186,0,38.04230283829267,0.0,50,200,0.2,0.9,0.0,0,0.99,2,8,2026-04-05T00:09:45.704846
2026-04-04_19-53-17,PPO,14,0,28,39.59797974644666,24.041630560342615,0,36.79014899391299,0.0,50,200,0.2,0.9,0.0,0,0.99,2,8,2026-04-05T00:09:45.704851
2026-04-04_19-53-17,PPO,15,0,10,14.142135623730955,49.49747468305833,0,-49.12214752706209,0.0,50,200,0.2,0.9,0.0,0,0.99,2,8,2026-04-05T00:09:45.704856
2026-04-04_19-53-17,PPO,16,0,32,45.25483399593903,18.384776310850235,0,113.9392225708684,0.0,50,200,0.2,0.9,0.0,0,0.99,2,8,2026-04-05T00:09:45.704861
2026-04-04_19-53-17,PPO,17,0,34,48.083261120685215,15.556349186104045,0,130.5016050215505,0.0,50,200,0.2,0.9,0.0,0,0.99,2,8,2026-04-05T00:09:45.704867
2026-04-04_19-53-17,PPO,18,0,30,42.426406871192846,21.213203435596427,0,93.63106505299159,0.0,50,200,0.2,0.9,0.0,0,0.99,2,8,2026-04-05T00:09:45.704872
2026-04-04_19-53-17,PPO,19,1,45,63.63961030678923,0.0,4,409.5307692320062,2.0117340087890625,50,200,0.2,0.9,0.0,0,0.99,2,8,2026-04-05T00:09:45.704877
2026-04-04_19-53-17,PPO,20,0,38,53.740115370177584,9.899494936611665,1,150.79971407695965,0.6534925103187561,50,200,0.2,0.9,0.0,0,0.99,2,8,2026-04-05T00:09:45.704883
2026-04-04_19-53-17,PPO,21,0,25,35.355339059327385,28.284271247461902,0,49.48845974906361,0.0,50,200,0.2,0.9,0.0,0,0.99,2,8,2026-04-05T00:09:45.704888
2026-04-04_19-53-17,PPO,22,0,3,4.242640687119286,59.39696961966999,3,-104.89771142258581,1.8644534945487976,50,200,0.2,0.9,0.0,0,0.99,2,8,2026-04-05T00:09:45.704894
2026-04-04_19-53-17,PPO,23,0,13,18.384776310850242,45.254833995939045,1,-27.409769635235833,0.43835869431495667,50,200,0.2,0.9,0.0,0,0.99,2,8,2026-04-05T00:09:45.704899
2026-04-04_19-53-17,PPO,24,0,1,1.4142135623730951,62.22539674441618,0,-102.37415538183296,0.0,50,200,0.2,0.9,0.0,0,0.99,2,8,2026-04-05T00:09:45.704905
2026-04-04_19-53-17,PPO,25,0,2,2.8284271247461903,60.81118318204309,2,-102.92219053542838,1.1621975898742676,50,200,0.2,0.9,0.0,0,0.99,2,8,2026-04-05T00:09:45.704910
2026-04-04_19-53-17,PPO,26,0,20,28.284271247461913,35.35533905932738,3,21.925756530124175,0.9534036815166473,50,200,0.2,0.9,0.0,0,0.99,2,8,2026-04-05T00:09:45.704916
2026-04-04_19-53-17,PPO,27,0,28,39.59797974644666,24.041630560342615,0,87.57023643726265,0.0,50,200,0.2,0.9,0.0,0,0.99,2,8,2026-04-05T00:09:45.704921
2026-04-04_19-53-17,PPO,28,0,5,7.0710678118654755,56.568542494923804,0,-75.28288761302056,0.0,50,200,0.2,0.9,0.0,0,0.99,2,8,2026-04-05T00:09:45.704926
2026-04-04_19-53-17,PPO,29,0,5,7.0710678118654755,56.568542494923804,0,-92.40909980108646,0.0,50,200,0.2,0.9,0.0,0,0.99,2,8,2026-04-05T00:09:45.704932
2026-04-04_19-53-17,PPO,30,0,1,1.4142135623730951,62.22539674441618,1,-102.30212197652901,0.8366823792457581,50,200,0.2,0.9,0.0,0,0.99,2,8,2026-04-05T00:09:45.704937
2026-04-04_19-53-17,PPO,31,1,45,63.63961030678923,0.0,8,413.1010921381579,4.0287124812603,50,200,0.2,0.9,0.0,0,0.99,2,8,2026-04-05T00:09:45.704943
2026-04-04_19-53-17,PPO,32,0,1,1.4142135623730951,62.22539674441618,0,-102.98824653974617,0.0,50,200,0.2,0.9,0.0,0,0.99,2,8,2026-04-05T00:09:45.704948
2026-04-04_19-53-17,PPO,33,0,1,1.4142135623730951,62.22539674441618,0,-102.8014706169709,0.0,50,200,0.2,0.9,0.0,0,0.99,2,8,2026-04-05T00:09:45.704953
2026-04-04_19-53-17,PPO,34,0,15,21.213203435596434,42.42640687119285,0,-31.59300350601039,0.0,50,200,0.2,0.9,0.0,0,0.99,2,8,2026-04-05T00:09:45.704958
2026-04-04_19-53-17,PPO,35,0,35,49.49747468305831,14.142135623730951,0,128.4511838551387,0.0,50,200,0.2,0.9,0.0,0,0.99,2,8,2026-04-05T00:09:45.704964
2026-04-04_19-53-17,PPO,36,0,13,18.384776310850242,45.254833995939045,0,-19.29321626756132,0.0,50,200,0.2,0.9,0.0,0,0.99,2,8,2026-04-05T00:09:45.704969
2026-04-04_19-53-17,PPO,37,0,29,41.012193308819754,22.627416997969522,0,93.05826573508372,0.0,50,200,0.2,0.9,0.0,0,0.99,2,8,2026-04-05T00:09:45.704974
2026-04-04_19-53-17,PPO,38,0,34,48.083261120685215,15.556349186104045,0,120.13758136943974,0.0,50,200,0.2,0.9,0.0,0,0.99,2,8,2026-04-05T00:09:45.704979
2026-04-04_19-53-17,PPO,39,0,29,41.012193308819754,22.627416997969522,4,94.81589323866362,2.7912652492523193,50,200,0.2,0.9,0.0,0,0.99,2,8,2026-04-05T00:09:45.704984
2026-04-04_19-53-17,PPO,40,1,45,63.63961030678923,0.0,3,405.948593807978,1.2632989287376404,50,200,0.2,0.9,0.0,0,0.99,2,8,2026-04-05T00:09:45.704990
2026-04-04_19-53-17,PPO,41,0,4,5.656854249492381,57.982756057296896,0,-81.98642433754844,0.0,50,200,0.2,0.9,0.0,0,0.99,2,8,2026-04-05T00:09:45.704995
2026-04-04_19-53-17,PPO,42,1,45,63.63961030678923,0.0,0,413.32550089548783,0.0,50,200,0.2,0.9,0.0,0,0.99,2,8,2026-04-05T00:09:45.705000
2026-04-04_19-53-17,PPO,43,0,4,5.656854249492381,57.982756057296896,0,-82.02086846030784,0.0,50,200,0.2,0.9,0.0,0,0.99,2,8,2026-04-05T00:09:45.705005
2026-04-04_19-53-17,PPO,44,0,1,1.4142135623730951,62.22539674441618,1,-103.0270908867463,0.7296113967895508,50,200,0.2,0.9,0.0,0,0.99,2,8,2026-04-05T00:09:45.705011
2026-04-04_19-53-17,PPO,45,1,45,63.63961030678923,0.0,0,413.3260500889304,0.0,50,200,0.2,0.9,0.0,0,0.99,2,8,2026-04-05T00:09:45.705016
2026-04-04_19-53-17,PPO,46,1,45,63.63961030678923,0.0,0,413.23837766989925,0.0,50,200,0.2,0.9,0.0,0,0.99,2,8,2026-04-05T00:09:45.705021
2026-04-04_19-53-17,PPO,47,0,4,5.656854249492381,57.982756057296896,0,-82.29770042524183,0.0,50,200,0.2,0.9,0.0,0,0.99,2,8,2026-04-05T00:09:45.705026
2026-04-04_19-53-17,PPO,48,0,6,8.485281374238571,55.154328932550705,0,-68.17488510923005,0.0,50,200,0.2,0.9,0.0,0,0.99,2,8,2026-04-05T00:09:45.705031
2026-04-04_19-53-17,PPO,49,0,3,4.242640687119286,59.39696961966999,2,-106.55866458668646,1.5651083588600159,50,200,0.2,0.9,0.0,0,0.99,2,8,2026-04-05T00:09:45.705037
2026-04-04_19-53-17,PPO,50,0,11,15.55634918610405,48.08326112068523,0,-33.39275889206955,0.0,50,200,0.2,0.9,0.0,0,0.99,2,8,2026-04-05T00:09:45.705042
