episode,episode_variant,scenario_id,scenario_name,mode,frame_id,start_row,start_col,goal_row,goal_col,start_risk,goal_risk,success,collided,done_reason,steps,path_length,start_distance,final_distance,path_efficiency,mean_path_risk,max_path_risk,elapsed_ms,trajectory_png
1,0,baseline_open,Baseline Open,stereo,0020,2,2,38,46,0.0,0.0,0,0,max_steps,200,66.46803743153542,56.85068161420758,11.40175425099138,0.0,0.10774252563714981,0.9353779554367065,145.5037080013426,/Users/clintonimaro/Documents/Projects/uav-research/navigation/results/week04_navigation_integration/final/trajectories/episode_001_baseline_open_stereo_trajectory.png
2,0,baseline_open,Baseline Open,mono,0020,2,2,38,46,0.0,0.1527777761220932,0,1,collision_risk,37,52.32590180780449,56.85068161420758,7.0710678118654755,0.0,0.026539146900177002,0.9999998807907104,24.97350000339793,/Users/clintonimaro/Documents/Projects/uav-research/navigation/results/week04_navigation_integration/final/trajectories/episode_002_baseline_open_mono_trajectory.png
3,0,dense_corridor,Dense Corridor,stereo,0050,9,9,47,2,0.0,0.0,0,1,collision_risk,3,4.242640687119286,38.63935817272331,36.40054944640259,0.0,0.6939620971679688,0.9999998807907104,2.5563329982105643,/Users/clintonimaro/Documents/Projects/uav-research/navigation/results/week04_navigation_integration/final/trajectories/episode_003_dense_corridor_stereo_trajectory.png
4,0,dense_corridor,Dense Corridor,mono,0050,9,9,47,2,0.16666662693023682,0.0,0,0,max_steps,200,56.56854249492377,38.63935817272331,47.042533945356304,0.0,0.0008291872218251228,0.16666662693023682,128.90179199894192,/Users/clintonimaro/Documents/Projects/uav-research/navigation/results/week04_navigation_integration/final/trajectories/episode_004_dense_corridor_mono_trajectory.png
5,0,obstacle_cluster,Obstacle Cluster,stereo,0060,9,9,47,2,0.0,0.0,0,1,collision_risk,3,4.242640687119286,38.63935817272331,36.40054944640259,0.0,0.6939620971679688,0.9999998807907104,1.773833002516767,/Users/clintonimaro/Documents/Projects/uav-research/navigation/results/week04_navigation_integration/final/trajectories/episode_005_obstacle_cluster_stereo_trajectory.png
6,0,obstacle_cluster,Obstacle Cluster,mono,0060,9,9,47,2,0.16666662693023682,0.0,0,0,max_steps,200,56.56854249492377,38.63935817272331,47.042533945356304,0.0,0.0008291872218251228,0.16666662693023682,126.09658400106127,/Users/clintonimaro/Documents/Projects/uav-research/navigation/results/week04_navigation_integration/final/trajectories/episode_006_obstacle_cluster_mono_trajectory.png
7,0,lateral_maneuver,Lateral Maneuver,stereo,0010,2,2,46,37,0.0,0.0,0,0,max_steps,200,66.46803743153542,56.22277118748239,12.36931687685298,0.0,0.041189685463905334,0.7606095671653748,127.13316699955612,/Users/clintonimaro/Documents/Projects/uav-research/navigation/results/week04_navigation_integration/final/trajectories/episode_007_lateral_maneuver_stereo_trajectory.png
8,0,lateral_maneuver,Lateral Maneuver,mono,0010,2,2,46,37,0.0,0.11824844777584076,0,1,collision_risk,38,53.740115370177584,56.22277118748239,6.708203932499369,0.0,0.025022750720381737,0.9758872985839844,24.167583000235027,/Users/clintonimaro/Documents/Projects/uav-research/navigation/results/week04_navigation_integration/final/trajectories/episode_008_lateral_maneuver_mono_trajectory.png
9,0,stress_density,Stress Density,stereo,0040,2,2,29,9,0.0,0.0,0,1,collision_risk,8,11.313708498984763,27.892651361962706,19.026297590440446,0.0,0.1111111119389534,1.0,4.665291999117471,/Users/clintonimaro/Documents/Projects/uav-research/navigation/results/week04_navigation_integration/final/trajectories/episode_009_stress_density_stereo_trajectory.png
10,0,stress_density,Stress Density,mono,0040,2,2,29,9,0.0,0.0,0,1,collision_risk,28,39.59797974644666,27.892651361962706,21.02379604162864,0.0,0.0532739982008934,1.0,16.904000000067754,/Users/clintonimaro/Documents/Projects/uav-research/navigation/results/week04_navigation_integration/final/trajectories/episode_010_stress_density_mono_trajectory.png
11,1,baseline_open,Baseline Open,stereo,0020,2,4,37,44,0.0,0.11516202986240387,0,0,max_steps,200,65.63961030678922,53.150729063673246,13.0,0.0,0.10336914658546448,0.8823301792144775,131.43475000106264,/Users/clintonimaro/Documents/Projects/uav-research/navigation/results/week04_navigation_integration/final/trajectories/episode_011_baseline_open_stereo_trajectory.png
12,1,baseline_open,Baseline Open,mono,0020,2,4,37,44,0.0,0.0,0,1,collision_risk,37,52.32590180780449,53.150729063673246,3.605551275463989,0.0,0.036549702286720276,0.9999998807907104,23.11550000013085,/Users/clintonimaro/Documents/Projects/uav-research/navigation/results/week04_navigation_integration/final/trajectories/episode_012_baseline_open_mono_trajectory.png
13,1,dense_corridor,Dense Corridor,stereo,0050,9,12,47,1,0.49035486578941345,0.0,0,1,collision_risk,1,1.4142135623730951,39.56008088970496,38.897300677553446,0.0,0.7451774477958679,1.0,0.6372080024448223,/Users/clintonimaro/Documents/Projects/uav-research/navigation/results/week04_navigation_integration/final/trajectories/episode_013_dense_corridor_stereo_trajectory.png
14,1,dense_corridor,Dense Corridor,mono,0050,9,12,47,1,0.21547067165374756,0.0,0,0,max_steps,200,55.32590180780449,39.56008088970496,48.041648597857254,0.0,0.0010719933779910207,0.21547067165374756,125.6920829982846,/Users/clintonimaro/Documents/Projects/uav-research/navigation/results/week04_navigation_integration/final/trajectories/episode_014_dense_corridor_mono_trajectory.png
15,1,obstacle_cluster,Obstacle Cluster,stereo,0060,9,12,47,1,0.49035486578941345,0.0,0,1,collision_risk,1,1.4142135623730951,39.56008088970496,38.897300677553446,0.0,0.7451774477958679,1.0,0.6447919986385386,/Users/clintonimaro/Documents/Projects/uav-research/navigation/results/week04_navigation_integration/final/trajectories/episode_015_obstacle_cluster_stereo_trajectory.png
16,1,obstacle_cluster,Obstacle Cluster,mono,0060,9,12,47,1,0.21547067165374756,0.0,0,0,max_steps,200,55.32590180780449,39.56008088970496,48.041648597857254,0.0,0.0010719933779910207,0.21547067165374756,126.56066699855728,/Users/clintonimaro/Documents/Projects/uav-research/navigation/results/week04_navigation_integration/final/trajectories/episode_016_obstacle_cluster_mono_trajectory.png
17,1,lateral_maneuver,Lateral Maneuver,stereo,0010,2,4,45,35,0.0,0.0,0,0,max_steps,200,65.63961030678922,53.009433122794285,14.560219778561036,0.0,0.03463968634605408,0.6469906568527222,130.59350000185077,/Users/clintonimaro/Documents/Projects/uav-research/navigation/results/week04_navigation_integration/final/trajectories/episode_017_lateral_maneuver_stereo_trajectory.png
18,1,lateral_maneuver,Lateral Maneuver,mono,0010,2,4,45,35,0.0,0.036651235073804855,0,1,collision_risk,37,52.32590180780449,53.009433122794285,8.48528137423857,0.0,0.04598155617713928,0.9999998807907104,22.932584000955103,/Users/clintonimaro/Documents/Projects/uav-research/navigation/results/week04_navigation_integration/final/trajectories/episode_018_lateral_maneuver_mono_trajectory.png
19,1,stress_density,Stress Density,stereo,0040,2,4,29,7,0.0,0.0,0,1,collision_risk,6,8.485281374238571,27.16615541441225,21.213203435596427,0.0,0.1428571492433548,1.0,3.562249999959022,/Users/clintonimaro/Documents/Projects/uav-research/navigation/results/week04_navigation_integration/final/trajectories/episode_019_stress_density_stereo_trajectory.png
20,1,stress_density,Stress Density,mono,0040,2,4,29,7,0.0,0.07040894776582718,0,1,collision_risk,28,39.59797974644666,27.16615541441225,25.019992006393608,0.0,0.06663074344396591,0.9999998807907104,18.007000002398854,/Users/clintonimaro/Documents/Projects/uav-research/navigation/results/week04_navigation_integration/final/trajectories/episode_020_stress_density_mono_trajectory.png
21,2,baseline_open,Baseline Open,stereo,0020,4,2,36,46,0.0,0.0,0,0,max_steps,200,65.63961030678922,54.405882034941776,13.341664064126334,0.0,0.11044890433549881,0.7482637763023376,127.6983330026269,/Users/clintonimaro/Documents/Projects/uav-research/navigation/results/week04_navigation_integration/final/trajectories/episode_021_baseline_open_stereo_trajectory.png
22,2,baseline_open,Baseline Open,mono,0020,4,2,36,46,0.0,0.0,0,1,collision_risk,36,50.9116882454314,54.405882034941776,8.94427190999916,0.0,0.030728645622730255,1.0,23.38370800134726,/Users/clintonimaro/Documents/Projects/uav-research/navigation/results/week04_navigation_integration/final/trajectories/episode_022_baseline_open_mono_trajectory.png
23,2,dense_corridor,Dense Corridor,stereo,0050,11,9,45,2,0.0,0.0,0,1,collision_risk,4,5.656854249492381,34.713109915419565,31.953090617340916,0.0,0.7285493612289429,1.0,2.370040998357581,/Users/clintonimaro/Documents/Projects/uav-research/navigation/results/week04_navigation_integration/final/trajectories/episode_023_dense_corridor_stereo_trajectory.png
24,2,dense_corridor,Dense Corridor,mono,0050,11,9,45,2,0.0,0.0,0,0,max_steps,200,55.740115370177584,34.713109915419565,47.16990566028302,0.0,0.0,0.0,126.80087500120862,/Users/clintonimaro/Documents/Projects/uav-research/navigation/results/week04_navigation_integration/final/trajectories/episode_024_dense_corridor_mono_trajectory.png
25,2,obstacle_cluster,Obstacle Cluster,stereo,0060,11,9,45,2,0.0,0.0,0,1,collision_risk,4,5.656854249492381,34.713109915419565,31.953090617340916,0.0,0.7285493612289429,1.0,2.367666998907225,/Users/clintonimaro/Documents/Projects/uav-research/navigation/results/week04_navigation_integration/final/trajectories/episode_025_obstacle_cluster_stereo_trajectory.png
26,2,obstacle_cluster,Obstacle Cluster,mono,0060,11,9,45,2,0.0,0.0,0,0,max_steps,200,55.740115370177584,34.713109915419565,47.16990566028302,0.0,0.0,0.0,130.51370899847825,/Users/clintonimaro/Documents/Projects/uav-research/navigation/results/week04_navigation_integration/final/trajectories/episode_026_obstacle_cluster_mono_trajectory.png
27,2,lateral_maneuver,Lateral Maneuver,stereo,0010,4,2,44,37,0.0,0.0,0,0,max_steps,200,65.63961030678922,53.150729063673246,13.0,0.0,0.0395226776599884,0.7974535822868347,147.72274999995716,/Users/clintonimaro/Documents/Projects/uav-research/navigation/results/week04_navigation_integration/final/trajectories/episode_027_lateral_maneuver_stereo_trajectory.png
28,2,lateral_maneuver,Lateral Maneuver,mono,0010,4,2,44,37,0.0,0.0,0,1,collision_risk,38,53.740115370177584,53.150729063673246,3.605551275463989,0.0,0.030710864812135696,0.9999999403953552,23.505249999288935,/Users/clintonimaro/Documents/Projects/uav-research/navigation/results/week04_navigation_integration/final/trajectories/episode_028_lateral_maneuver_mono_trajectory.png
29,2,stress_density,Stress Density,stereo,0040,4,2,27,9,0.0,0.0,0,1,collision_risk,8,11.313708498984763,24.041630560342615,15.033296378372908,0.0,0.1111111044883728,0.9999999403953552,5.411834001279203,/Users/clintonimaro/Documents/Projects/uav-research/navigation/results/week04_navigation_integration/final/trajectories/episode_029_stress_density_stereo_trajectory.png
30,2,stress_density,Stress Density,mono,0040,4,2,27,9,0.0,0.0,0,1,collision_risk,26,36.76955262170048,24.041630560342615,19.235384061671343,0.0,0.047682326287031174,1.0,16.323332998581463,/Users/clintonimaro/Documents/Projects/uav-research/navigation/results/week04_navigation_integration/final/trajectories/episode_030_stress_density_mono_trajectory.png
31,3,baseline_open,Baseline Open,stereo,0020,2,1,38,46,0.0,0.0,0,0,max_steps,200,67.46803743153542,57.62811813689564,11.40175425099138,0.0,0.11441345512866974,0.9193671345710754,127.19016700066277,/Users/clintonimaro/Documents/Projects/uav-research/navigation/results/week04_navigation_integration/final/trajectories/episode_031_baseline_open_stereo_trajectory.png
32,3,baseline_open,Baseline Open,mono,0020,2,1,38,46,0.0,0.1527777761220932,0,1,collision_risk,38,53.740115370177584,57.62811813689564,7.280109889280518,0.0,0.045974791049957275,0.9999998807907104,24.16379200076335,/Users/clintonimaro/Documents/Projects/uav-research/navigation/results/week04_navigation_integration/final/trajectories/episode_032_baseline_open_mono_trajectory.png
33,3,dense_corridor,Dense Corridor,stereo,0050,10,7,47,4,0.0,0.0,0,1,collision_risk,3,4.242640687119286,37.12142238654117,34.52535300326414,0.0,0.25,1.0,1.8315409979550168,/Users/clintonimaro/Documents/Projects/uav-research/navigation/results/week04_navigation_integration/final/trajectories/episode_033_dense_corridor_stereo_trajectory.png
34,3,dense_corridor,Dense Corridor,mono,0050,10,7,47,4,0.27681323885917664,0.0,0,0,max_steps,200,58.154328932550676,37.12142238654117,45.044422518220834,0.0,0.001377180335111916,0.27681323885917664,130.84433400217677,/Users/clintonimaro/Documents/Projects/uav-research/navigation/results/week04_navigation_integration/final/trajectories/episode_034_dense_corridor_mono_trajectory.png
35,3,obstacle_cluster,Obstacle Cluster,stereo,0060,10,7,47,4,0.0,0.0,0,1,collision_risk,3,4.242640687119286,37.12142238654117,34.52535300326414,0.0,0.25,1.0,1.7732500018610153,/Users/clintonimaro/Documents/Projects/uav-research/navigation/results/week04_navigation_integration/final/trajectories/episode_035_obstacle_cluster_stereo_trajectory.png
36,3,obstacle_cluster,Obstacle Cluster,mono,0060,10,7,47,4,0.27681323885917664,0.0,0,0,max_steps,200,58.154328932550676,37.12142238654117,45.044422518220834,0.0,0.001377180335111916,0.27681323885917664,125.64895800096565,/Users/clintonimaro/Documents/Projects/uav-research/navigation/results/week04_navigation_integration/final/trajectories/episode_036_obstacle_cluster_mono_trajectory.png
37,3,lateral_maneuver,Lateral Maneuver,stereo,0010,2,1,45,38,0.0,0.3078703284263611,0,0,max_steps,200,67.46803743153542,56.72741841473134,11.704699910719626,0.0,0.03884992003440857,0.6153548359870911,126.17283299914561,/Users/clintonimaro/Documents/Projects/uav-research/navigation/results/week04_navigation_integration/final/trajectories/episode_037_lateral_maneuver_stereo_trajectory.png
38,3,lateral_maneuver,Lateral Maneuver,mono,0010,2,1,45,38,0.0,0.15740740299224854,0,1,collision_risk,39,55.154328932550676,56.72741841473134,4.47213595499958,0.0,0.025675153359770775,0.9999999403953552,25.43475000129547,/Users/clintonimaro/Documents/Projects/uav-research/navigation/results/week04_navigation_integration/final/trajectories/episode_038_lateral_maneuver_mono_trajectory.png
39,3,stress_density,Stress Density,stereo,0040,2,1,29,9,0.0,0.0,0,1,collision_risk,10,14.142135623730955,28.160255680657446,17.11724276862369,0.0,0.17324282228946686,0.9972992539405823,6.398333000106504,/Users/clintonimaro/Documents/Projects/uav-research/navigation/results/week04_navigation_integration/final/trajectories/episode_039_stress_density_stereo_trajectory.png
40,3,stress_density,Stress Density,mono,0040,2,1,29,9,0.0,0.0,0,1,collision_risk,28,39.59797974644666,28.160255680657446,20.024984394500787,0.0,0.049382712692022324,0.9999998807907104,17.387915999279357,/Users/clintonimaro/Documents/Projects/uav-research/navigation/results/week04_navigation_integration/final/trajectories/episode_040_stress_density_mono_trajectory.png
41,4,baseline_open,Baseline Open,stereo,0020,1,2,39,45,0.0,0.0,0,0,max_steps,200,67.46803743153542,57.38466694161429,10.770329614269007,0.0,0.10003799945116043,0.8724921345710754,128.2379160002165,/Users/clintonimaro/Documents/Projects/uav-research/navigation/results/week04_navigation_integration/final/trajectories/episode_041_baseline_open_stereo_trajectory.png
42,4,baseline_open,Baseline Open,mono,0020,1,2,39,45,0.0,0.4484953284263611,0,1,collision_risk,38,53.740115370177584,57.38466694161429,5.0,0.0,0.033436212688684464,1.0,28.597167001862545,/Users/clintonimaro/Documents/Projects/uav-research/navigation/results/week04_navigation_integration/final/trajectories/episode_042_baseline_open_mono_trajectory.png
43,4,dense_corridor,Dense Corridor,stereo,0050,9,9,48,2,0.0,0.0,0,1,collision_risk,3,4.242640687119286,39.6232255123179,37.36308338453881,0.0,0.6939620971679688,0.9999998807907104,1.9597909995354712,/Users/clintonimaro/Documents/Projects/uav-research/navigation/results/week04_navigation_integration/final/trajectories/episode_043_dense_corridor_stereo_trajectory.png
44,4,dense_corridor,Dense Corridor,mono,0050,9,9,48,2,0.16666662693023682,0.0,0,0,max_steps,200,56.56854249492377,39.6232255123179,47.01063709417264,0.0,0.0008291872218251228,0.16666662693023682,126.95008299851906,/Users/clintonimaro/Documents/Projects/uav-research/navigation/results/week04_navigation_integration/final/trajectories/episode_044_dense_corridor_mono_trajectory.png
45,4,obstacle_cluster,Obstacle Cluster,stereo,0060,9,9,48,2,0.0,0.0,0,1,collision_risk,3,4.242640687119286,39.6232255123179,37.36308338453881,0.0,0.6939620971679688,0.9999998807907104,1.793667001038557,/Users/clintonimaro/Documents/Projects/uav-research/navigation/results/week04_navigation_integration/final/trajectories/episode_045_obstacle_cluster_stereo_trajectory.png
46,4,obstacle_cluster,Obstacle Cluster,mono,0060,9,9,48,2,0.16666662693023682,0.0,0,0,max_steps,200,56.56854249492377,39.6232255123179,47.01063709417264,0.0,0.0008291872218251228,0.16666662693023682,141.72295900061727,/Users/clintonimaro/Documents/Projects/uav-research/navigation/results/week04_navigation_integration/final/trajectories/episode_046_obstacle_cluster_mono_trajectory.png
47,4,lateral_maneuver,Lateral Maneuver,stereo,0010,1,2,46,37,0.0,0.0,0,0,max_steps,200,67.46803743153542,57.0087712549569,12.36931687685298,0.0,0.0325254462659359,0.7515430450439453,140.32387499901233,/Users/clintonimaro/Documents/Projects/uav-research/navigation/results/week04_navigation_integration/final/trajectories/episode_047_lateral_maneuver_stereo_trajectory.png
48,4,lateral_maneuver,Lateral Maneuver,mono,0010,1,2,46,37,0.0,0.11824844777584076,0,1,collision_risk,39,55.154328932550676,57.0087712549569,7.211102550927978,0.0,0.04611785709857941,0.9999998807907104,27.129082998726517,/Users/clintonimaro/Documents/Projects/uav-research/navigation/results/week04_navigation_integration/final/trajectories/episode_048_lateral_maneuver_mono_trajectory.png
49,4,stress_density,Stress Density,stereo,0040,1,2,29,9,0.0,0.0,0,1,collision_risk,8,11.313708498984763,28.861739379323623,20.024984394500787,0.0,0.11057527363300323,0.9951774477958679,5.428415999631397,/Users/clintonimaro/Documents/Projects/uav-research/navigation/results/week04_navigation_integration/final/trajectories/episode_049_stress_density_stereo_trajectory.png
50,4,stress_density,Stress Density,mono,0040,1,2,29,9,0.0,0.0,0,1,collision_risk,29,41.012193308819754,28.861739379323623,22.02271554554524,0.0,0.05677082762122154,0.9999998807907104,19.6503750012198,/Users/clintonimaro/Documents/Projects/uav-research/navigation/results/week04_navigation_integration/final/trajectories/episode_050_stress_density_mono_trajectory.png
