episode,episode_variant,controller,scenario_id,scenario_name,mode,frame_id,start_row,start_col,goal_row,goal_col,start_obstacle_risk,goal_obstacle_risk,success,collided,done_reason,steps,path_length,start_distance,final_distance,path_efficiency,mean_obstacle_risk,max_obstacle_risk,min_obstacle_margin,mean_hazard_risk,max_hazard_risk,hazard_exposure_steps,joint_hazard_obstacle_steps,shield_interventions,shield_intervention_rate,elapsed_ms,trajectory_png
1,0,raw_ppo,baseline_open,Baseline Open,stereo,0020,2,2,38,46,0.0,0.0,0,0,max_steps,200,66.46803743153542,56.85068161420758,11.40175425099138,0.0,0.10774252794923919,0.9353779554367065,0.014622044563293413,0.031386392873167454,0.45304661989212036,0,0,0,0.0,137.38420799927553,/Users/clintonimaro/Documents/Projects/uav-research/navigation/results/week05_collision_avoidance/final/trajectories/episode_001_raw_ppo_baseline_open_stereo_trajectory.png
2,0,raw_ppo,baseline_open,Baseline Open,mono,0020,2,2,38,46,0.0,0.1527777761220932,0,1,collision_risk,37,52.32590180780449,56.85068161420758,7.0710678118654755,0.0,0.026539145674752563,0.9999998807907104,-0.049999880790710494,0.02007027950355079,0.1632336676120758,0,0,0,0.0,27.61120899958769,/Users/clintonimaro/Documents/Projects/uav-research/navigation/results/week05_collision_avoidance/final/trajectories/episode_002_raw_ppo_baseline_open_mono_trajectory.png
3,0,raw_ppo,dense_corridor,Dense Corridor,stereo,0050,9,9,47,2,0.0,0.0,0,1,collision_risk,3,4.242640687119286,38.63935817272331,36.40054944640259,0.0,0.6939621418714523,0.9999998807907104,-0.049999880790710494,0.041615464026108384,0.07788389921188354,0,0,0,0.0,2.6274580013705418,/Users/clintonimaro/Documents/Projects/uav-research/navigation/results/week05_collision_avoidance/final/trajectories/episode_003_raw_ppo_dense_corridor_stereo_trajectory.png
4,0,raw_ppo,dense_corridor,Dense Corridor,mono,0050,9,9,47,2,0.16666662693023682,0.0,0,0,max_steps,200,56.56854249492377,38.63935817272331,47.042533945356304,0.0,0.0008291871986578946,0.16666662693023682,0.7833333730697631,0.016668891073853172,0.4699438810348511,0,0,0,0.0,165.6667909992393,/Users/clintonimaro/Documents/Projects/uav-research/navigation/results/week05_collision_avoidance/final/trajectories/episode_004_raw_ppo_dense_corridor_mono_trajectory.png
5,0,raw_ppo,obstacle_cluster,Obstacle Cluster,stereo,0060,9,9,47,2,0.0,0.0,0,1,collision_risk,3,4.242640687119286,38.63935817272331,36.40054944640259,0.0,0.6939621418714523,0.9999998807907104,-0.049999880790710494,0.09116704761981964,0.155454620718956,0,0,0,0.0,2.612000000226544,/Users/clintonimaro/Documents/Projects/uav-research/navigation/results/week05_collision_avoidance/final/trajectories/episode_005_raw_ppo_obstacle_cluster_stereo_trajectory.png
6,0,raw_ppo,obstacle_cluster,Obstacle Cluster,mono,0060,9,9,47,2,0.16666662693023682,0.0,0,0,max_steps,200,56.56854249492377,38.63935817272331,47.042533945356304,0.0,0.0008291871986578946,0.16666662693023682,0.7833333730697631,0.01656824385467388,0.4082980453968048,0,0,0,0.0,135.28133299769252,/Users/clintonimaro/Documents/Projects/uav-research/navigation/results/week05_collision_avoidance/final/trajectories/episode_006_raw_ppo_obstacle_cluster_mono_trajectory.png
7,0,raw_ppo,lateral_maneuver,Lateral Maneuver,stereo,0010,2,2,46,37,0.0,0.0,0,0,max_steps,200,66.46803743153542,56.22277118748239,12.36931687685298,0.0,0.04118968977300978,0.7606095671653748,0.1893904328346252,0.019802796600282075,0.4434984028339386,0,0,0,0.0,126.85691699880408,/Users/clintonimaro/Documents/Projects/uav-research/navigation/results/week05_collision_avoidance/final/trajectories/episode_007_raw_ppo_lateral_maneuver_stereo_trajectory.png
8,0,raw_ppo,lateral_maneuver,Lateral Maneuver,mono,0010,2,2,46,37,0.0,0.11824844777584076,0,1,collision_risk,38,53.740115370177584,56.22277118748239,6.708203932499369,0.0,0.02502275124574319,0.9758872985839844,-0.02588729858398442,0.027849136168019893,0.42281270027160645,0,0,0,0.0,27.022124999348307,/Users/clintonimaro/Documents/Projects/uav-research/navigation/results/week05_collision_avoidance/final/trajectories/episode_008_raw_ppo_lateral_maneuver_mono_trajectory.png
9,0,raw_ppo,stress_density,Stress Density,stereo,0040,2,2,29,9,0.0,0.0,0,1,collision_risk,8,11.313708498984763,27.892651361962706,19.026297590440446,0.0,0.1111111111111111,1.0,-0.050000000000000044,4.0086090722352606e-05,0.0002745825331658125,0,0,0,0.0,4.87629199778894,/Users/clintonimaro/Documents/Projects/uav-research/navigation/results/week05_collision_avoidance/final/trajectories/episode_009_raw_ppo_stress_density_stereo_trajectory.png
10,0,raw_ppo,stress_density,Stress Density,mono,0040,2,2,29,9,0.0,0.0,0,1,collision_risk,28,39.59797974644666,27.892651361962706,21.02379604162864,0.0,0.053273996402477396,1.0,-0.050000000000000044,0.007425074900648363,0.0969681590795517,0,0,0,0.0,21.28833300230326,/Users/clintonimaro/Documents/Projects/uav-research/navigation/results/week05_collision_avoidance/final/trajectories/episode_010_raw_ppo_stress_density_mono_trajectory.png
11,1,raw_ppo,baseline_open,Baseline Open,stereo,0020,2,4,37,44,0.0,0.11516202986240387,0,0,max_steps,200,65.63961030678922,53.150729063673246,13.0,0.0,0.10336914125700199,0.8823301792144775,0.06766982078552242,0.016115466508408925,0.47520506381988525,0,0,0,0.0,157.59008299937705,/Users/clintonimaro/Documents/Projects/uav-research/navigation/results/week05_collision_avoidance/final/trajectories/episode_011_raw_ppo_baseline_open_stereo_trajectory.png
12,1,raw_ppo,baseline_open,Baseline Open,mono,0020,2,4,37,44,0.0,0.0,0,1,collision_risk,37,52.32590180780449,53.150729063673246,3.605551275463989,0.0,0.03654970307099192,0.9999998807907104,-0.049999880790710494,0.008377861256138862,0.1492127925157547,0,0,0,0.0,29.06629199787858,/Users/clintonimaro/Documents/Projects/uav-research/navigation/results/week05_collision_avoidance/final/trajectories/episode_012_raw_ppo_baseline_open_mono_trajectory.png
13,1,raw_ppo,dense_corridor,Dense Corridor,stereo,0050,9,12,47,1,0.49035486578941345,0.0,0,1,collision_risk,1,1.4142135623730951,39.56008088970496,38.897300677553446,0.0,0.7451774328947067,1.0,-0.050000000000000044,0.02997441589832306,0.04030964896082878,0,0,0,0.0,0.660292000247864,/Users/clintonimaro/Documents/Projects/uav-research/navigation/results/week05_collision_avoidance/final/trajectories/episode_013_raw_ppo_dense_corridor_stereo_trajectory.png
14,1,raw_ppo,dense_corridor,Dense Corridor,mono,0050,9,12,47,1,0.21547067165374756,0.0,0,0,max_steps,200,55.32590180780449,39.56008088970496,48.041648597857254,0.0,0.001071993391312177,0.21547067165374756,0.7345293283462524,0.02870109280797817,0.8500000238418579,3,0,0,0.0,147.7079579999554,/Users/clintonimaro/Documents/Projects/uav-research/navigation/results/week05_collision_avoidance/final/trajectories/episode_014_raw_ppo_dense_corridor_mono_trajectory.png
15,1,raw_ppo,obstacle_cluster,Obstacle Cluster,stereo,0060,9,12,47,1,0.49035486578941345,0.0,0,1,collision_risk,1,1.4142135623730951,39.56008088970496,38.897300677553446,0.0,0.7451774328947067,1.0,-0.050000000000000044,7.72082457842771e-05,0.00012024024908896536,0,0,0,0.0,0.6822089999332093,/Users/clintonimaro/Documents/Projects/uav-research/navigation/results/week05_collision_avoidance/final/trajectories/episode_015_raw_ppo_obstacle_cluster_stereo_trajectory.png
16,1,raw_ppo,obstacle_cluster,Obstacle Cluster,mono,0060,9,12,47,1,0.21547067165374756,0.0,0,0,max_steps,200,55.32590180780449,39.56008088970496,48.041648597857254,0.0,0.001071993391312177,0.21547067165374756,0.7345293283462524,0.0668181220215842,0.6211084127426147,0,0,0,0.0,128.8309159972414,/Users/clintonimaro/Documents/Projects/uav-research/navigation/results/week05_collision_avoidance/final/trajectories/episode_016_raw_ppo_obstacle_cluster_mono_trajectory.png
17,1,raw_ppo,lateral_maneuver,Lateral Maneuver,stereo,0010,2,4,45,35,0.0,0.0,0,0,max_steps,200,65.63961030678922,53.009433122794285,14.560219778561036,0.0,0.03463968581784127,0.6469906568527222,0.3030093431472778,0.04101123294772392,0.7565454244613647,2,0,0,0.0,133.91033399966545,/Users/clintonimaro/Documents/Projects/uav-research/navigation/results/week05_collision_avoidance/final/trajectories/episode_017_raw_ppo_lateral_maneuver_stereo_trajectory.png
18,1,raw_ppo,lateral_maneuver,Lateral Maneuver,mono,0010,2,4,45,35,0.0,0.036651235073804855,0,1,collision_risk,37,52.32590180780449,53.009433122794285,8.48528137423857,0.0,0.04598155617713928,0.9999998807907104,-0.049999880790710494,0.07698685495945468,0.774375855922699,1,0,0,0.0,26.95829100048286,/Users/clintonimaro/Documents/Projects/uav-research/navigation/results/week05_collision_avoidance/final/trajectories/episode_018_raw_ppo_lateral_maneuver_mono_trajectory.png
19,1,raw_ppo,stress_density,Stress Density,stereo,0040,2,4,29,7,0.0,0.0,0,1,collision_risk,6,8.485281374238571,27.16615541441225,21.213203435596427,0.0,0.14285714285714285,1.0,-0.050000000000000044,5.126597562577559e-08,2.901076641137479e-07,0,0,0,0.0,4.019500000140397,/Users/clintonimaro/Documents/Projects/uav-research/navigation/results/week05_collision_avoidance/final/trajectories/episode_019_raw_ppo_stress_density_stereo_trajectory.png
20,1,raw_ppo,stress_density,Stress Density,mono,0040,2,4,29,7,0.0,0.07040894776582718,0,1,collision_risk,28,39.59797974644666,27.16615541441225,25.019992006393608,0.0,0.06663073959021733,0.9999998807907104,-0.049999880790710494,0.059081926293675494,0.423845499753952,0,0,0,0.0,17.87749999857624,/Users/clintonimaro/Documents/Projects/uav-research/navigation/results/week05_collision_avoidance/final/trajectories/episode_020_raw_ppo_stress_density_mono_trajectory.png
21,2,raw_ppo,baseline_open,Baseline Open,stereo,0020,4,2,36,46,0.0,0.0,0,0,max_steps,200,65.63961030678922,54.405882034941776,13.341664064126334,0.0,0.11044890247980382,0.7482637763023376,0.2017362236976623,0.20942589975732254,0.8231301307678223,4,0,0,0.0,131.4970000021276,/Users/clintonimaro/Documents/Projects/uav-research/navigation/results/week05_collision_avoidance/final/trajectories/episode_021_raw_ppo_baseline_open_stereo_trajectory.png
22,2,raw_ppo,baseline_open,Baseline Open,mono,0020,4,2,36,46,0.0,0.0,0,1,collision_risk,36,50.9116882454314,54.405882034941776,8.94427190999916,0.0,0.03072864542136321,1.0,-0.050000000000000044,0.1340527773283674,0.723880410194397,2,0,0,0.0,22.068250000302214,/Users/clintonimaro/Documents/Projects/uav-research/navigation/results/week05_collision_avoidance/final/trajectories/episode_022_raw_ppo_baseline_open_mono_trajectory.png
23,2,raw_ppo,dense_corridor,Dense Corridor,stereo,0050,11,9,45,2,0.0,0.0,0,1,collision_risk,4,5.656854249492381,34.713109915419565,31.953090617340916,0.0,0.728549325466156,1.0,-0.050000000000000044,0.37608550786972045,0.547802746295929,0,0,0,0.0,2.9268329999467824,/Users/clintonimaro/Documents/Projects/uav-research/navigation/results/week05_collision_avoidance/final/trajectories/episode_023_raw_ppo_dense_corridor_stereo_trajectory.png
24,2,raw_ppo,dense_corridor,Dense Corridor,mono,0050,11,9,45,2,0.0,0.0,0,0,max_steps,200,55.740115370177584,34.713109915419565,47.16990566028302,0.0,0.0,0.0,0.95,0.030989560050701002,0.7228204607963562,2,0,0,0.0,130.2665410003101,/Users/clintonimaro/Documents/Projects/uav-research/navigation/results/week05_collision_avoidance/final/trajectories/episode_024_raw_ppo_dense_corridor_mono_trajectory.png
25,2,raw_ppo,obstacle_cluster,Obstacle Cluster,stereo,0060,11,9,45,2,0.0,0.0,0,1,collision_risk,4,5.656854249492381,34.713109915419565,31.953090617340916,0.0,0.728549325466156,1.0,-0.050000000000000044,0.10998538304120302,0.2779422998428345,0,0,0,0.0,2.5179579970426857,/Users/clintonimaro/Documents/Projects/uav-research/navigation/results/week05_collision_avoidance/final/trajectories/episode_025_raw_ppo_obstacle_cluster_stereo_trajectory.png
26,2,raw_ppo,obstacle_cluster,Obstacle Cluster,mono,0060,11,9,45,2,0.0,0.0,0,0,max_steps,200,55.740115370177584,34.713109915419565,47.16990566028302,0.0,0.0,0.0,0.95,0.0180543266581105,0.3245525062084198,0,0,0,0.0,171.86612500154297,/Users/clintonimaro/Documents/Projects/uav-research/navigation/results/week05_collision_avoidance/final/trajectories/episode_026_raw_ppo_obstacle_cluster_mono_trajectory.png
27,2,raw_ppo,lateral_maneuver,Lateral Maneuver,stereo,0010,4,2,44,37,0.0,0.0,0,0,max_steps,200,65.63961030678922,53.150729063673246,13.0,0.0,0.03952267789861085,0.7974535822868347,0.15254641771316524,0.03791999276899473,0.7126767039299011,1,0,0,0.0,183.57108300187974,/Users/clintonimaro/Documents/Projects/uav-research/navigation/results/week05_collision_avoidance/final/trajectories/episode_027_raw_ppo_lateral_maneuver_stereo_trajectory.png
28,2,raw_ppo,lateral_maneuver,Lateral Maneuver,mono,0010,4,2,44,37,0.0,0.0,0,1,collision_risk,38,53.740115370177584,53.150729063673246,3.605551275463989,0.0,0.030710864525574904,0.9999999403953552,-0.04999994039535527,0.00014224787757930485,0.0006679484504275024,0,0,0,0.0,27.91041699674679,/Users/clintonimaro/Documents/Projects/uav-research/navigation/results/week05_collision_avoidance/final/trajectories/episode_028_raw_ppo_lateral_maneuver_mono_trajectory.png
29,2,raw_ppo,stress_density,Stress Density,stereo,0040,4,2,27,9,0.0,0.0,0,1,collision_risk,8,11.313708498984763,24.041630560342615,15.033296378372908,0.0,0.1111111044883728,0.9999999403953552,-0.04999994039535527,0.1505839766210152,0.4797230362892151,0,0,0,0.0,5.457167000713525,/Users/clintonimaro/Documents/Projects/uav-research/navigation/results/week05_collision_avoidance/final/trajectories/episode_029_raw_ppo_stress_density_stereo_trajectory.png
30,2,raw_ppo,stress_density,Stress Density,mono,0040,4,2,27,9,0.0,0.0,0,1,collision_risk,26,36.76955262170048,24.041630560342615,19.235384061671343,0.0,0.04768232504526774,1.0,-0.050000000000000044,0.06672919393251407,0.580642580986023,0,0,0,0.0,18.209540998213924,/Users/clintonimaro/Documents/Projects/uav-research/navigation/results/week05_collision_avoidance/final/trajectories/episode_030_raw_ppo_stress_density_mono_trajectory.png
31,3,raw_ppo,baseline_open,Baseline Open,stereo,0020,2,1,38,46,0.0,0.0,0,0,max_steps,200,67.46803743153542,57.62811813689564,11.40175425099138,0.0,0.1144134562522803,0.9193671345710754,0.030632865428924516,0.07056410474481468,0.7896930575370789,3,0,0,0.0,126.20975000027101,/Users/clintonimaro/Documents/Projects/uav-research/navigation/results/week05_collision_avoidance/final/trajectories/episode_031_raw_ppo_baseline_open_stereo_trajectory.png
32,3,raw_ppo,baseline_open,Baseline Open,mono,0020,2,1,38,46,0.0,0.1527777761220932,0,1,collision_risk,38,53.740115370177584,57.62811813689564,7.280109889280518,0.0,0.045974791049957275,0.9999998807907104,-0.049999880790710494,0.07222068081852664,0.4383018910884857,0,0,0,0.0,25.293124999734573,/Users/clintonimaro/Documents/Projects/uav-research/navigation/results/week05_collision_avoidance/final/trajectories/episode_032_raw_ppo_baseline_open_mono_trajectory.png
33,3,raw_ppo,dense_corridor,Dense Corridor,stereo,0050,10,7,47,4,0.0,0.0,0,1,collision_risk,3,4.242640687119286,37.12142238654117,34.52535300326414,0.0,0.25,1.0,-0.050000000000000044,0.24829076044261456,0.44091132283210754,0,0,0,0.0,2.5233330015907995,/Users/clintonimaro/Documents/Projects/uav-research/navigation/results/week05_collision_avoidance/final/trajectories/episode_033_raw_ppo_dense_corridor_stereo_trajectory.png
34,3,raw_ppo,dense_corridor,Dense Corridor,mono,0050,10,7,47,4,0.27681323885917664,0.0,0,0,max_steps,200,58.154328932550676,37.12142238654117,45.044422518220834,0.0,0.0013771802928317246,0.27681323885917664,0.6731867611408233,0.00870038099443654,0.28662776947021484,0,0,0,0.0,127.59016700147185,/Users/clintonimaro/Documents/Projects/uav-research/navigation/results/week05_collision_avoidance/final/trajectories/episode_034_raw_ppo_dense_corridor_mono_trajectory.png
35,3,raw_ppo,obstacle_cluster,Obstacle Cluster,stereo,0060,10,7,47,4,0.0,0.0,0,1,collision_risk,3,4.242640687119286,37.12142238654117,34.52535300326414,0.0,0.25,1.0,-0.050000000000000044,0.026439428329467773,0.032531704753637314,0,0,0,0.0,1.8256669973197859,/Users/clintonimaro/Documents/Projects/uav-research/navigation/results/week05_collision_avoidance/final/trajectories/episode_035_raw_ppo_obstacle_cluster_stereo_trajectory.png
36,3,raw_ppo,obstacle_cluster,Obstacle Cluster,mono,0060,10,7,47,4,0.27681323885917664,0.0,0,0,max_steps,200,58.154328932550676,37.12142238654117,45.044422518220834,0.0,0.0013771802928317246,0.27681323885917664,0.6731867611408233,0.028861422800192087,0.6499999761581421,0,0,0,0.0,128.53287500183797,/Users/clintonimaro/Documents/Projects/uav-research/navigation/results/week05_collision_avoidance/final/trajectories/episode_036_raw_ppo_obstacle_cluster_mono_trajectory.png
37,3,raw_ppo,lateral_maneuver,Lateral Maneuver,stereo,0010,2,1,45,38,0.0,0.3078703284263611,0,0,max_steps,200,67.46803743153542,56.72741841473134,11.704699910719626,0.0,0.03884992200825641,0.6153548359870911,0.3346451640129089,0.03337827953941557,0.7641890645027161,4,0,0,0.0,120.52508299893816,/Users/clintonimaro/Documents/Projects/uav-research/navigation/results/week05_collision_avoidance/final/trajectories/episode_037_raw_ppo_lateral_maneuver_stereo_trajectory.png
38,3,raw_ppo,lateral_maneuver,Lateral Maneuver,mono,0010,2,1,45,38,0.0,0.15740740299224854,0,1,collision_risk,39,55.154328932550676,56.72741841473134,4.47213595499958,0.0,0.02567515280097723,0.9999999403953552,-0.04999994039535527,0.039418483058634025,0.18360227346420288,0,0,0,0.0,22.664084001007723,/Users/clintonimaro/Documents/Projects/uav-research/navigation/results/week05_collision_avoidance/final/trajectories/episode_038_raw_ppo_lateral_maneuver_mono_trajectory.png
39,3,raw_ppo,stress_density,Stress Density,stereo,0040,2,1,29,9,0.0,0.0,0,1,collision_risk,10,14.142135623730955,28.160255680657446,17.11724276862369,0.0,0.17324282906272195,0.9972992539405823,-0.04729925394058232,0.0005817695046293733,0.0039823297411203384,0,0,0,0.0,5.661749997670995,/Users/clintonimaro/Documents/Projects/uav-research/navigation/results/week05_collision_avoidance/final/trajectories/episode_039_raw_ppo_stress_density_stereo_trajectory.png
40,3,raw_ppo,stress_density,Stress Density,mono,0040,2,1,29,9,0.0,0.0,0,1,collision_risk,28,39.59797974644666,28.160255680657446,20.024984394500787,0.0,0.049382711278981174,0.9999998807907104,-0.049999880790710494,0.050539319930215966,0.3310939073562622,0,0,0,0.0,16.919707999477396,/Users/clintonimaro/Documents/Projects/uav-research/navigation/results/week05_collision_avoidance/final/trajectories/episode_040_raw_ppo_stress_density_mono_trajectory.png
41,4,raw_ppo,baseline_open,Baseline Open,stereo,0020,1,2,39,45,0.0,0.0,0,0,max_steps,200,67.46803743153542,57.38466694161429,10.770329614269007,0.0,0.10003799617068092,0.8724921345710754,0.07750786542892452,0.06571648937663811,0.3117079734802246,0,0,0,0.0,124.81383299746085,/Users/clintonimaro/Documents/Projects/uav-research/navigation/results/week05_collision_avoidance/final/trajectories/episode_041_raw_ppo_baseline_open_stereo_trajectory.png
42,4,raw_ppo,baseline_open,Baseline Open,mono,0020,1,2,39,45,0.0,0.4484953284263611,0,1,collision_risk,38,53.740115370177584,57.38466694161429,5.0,0.0,0.03343621278420473,1.0,-0.050000000000000044,0.09455417833740855,0.4610689580440521,0,0,0,0.0,23.18645900231786,/Users/clintonimaro/Documents/Projects/uav-research/navigation/results/week05_collision_avoidance/final/trajectories/episode_042_raw_ppo_baseline_open_mono_trajectory.png
43,4,raw_ppo,dense_corridor,Dense Corridor,stereo,0050,9,9,48,2,0.0,0.0,0,1,collision_risk,3,4.242640687119286,39.6232255123179,37.36308338453881,0.0,0.6939621418714523,0.9999998807907104,-0.049999880790710494,0.00010402971497569524,0.0002836952335201204,0,0,0,0.0,1.7367919972457457,/Users/clintonimaro/Documents/Projects/uav-research/navigation/results/week05_collision_avoidance/final/trajectories/episode_043_raw_ppo_dense_corridor_stereo_trajectory.png
44,4,raw_ppo,dense_corridor,Dense Corridor,mono,0050,9,9,48,2,0.16666662693023682,0.0,0,0,max_steps,200,56.56854249492377,39.6232255123179,47.01063709417264,0.0,0.0008291871986578946,0.16666662693023682,0.7833333730697631,0.006901307676249466,0.18917879462242126,0,0,0,0.0,129.13837499945657,/Users/clintonimaro/Documents/Projects/uav-research/navigation/results/week05_collision_avoidance/final/trajectories/episode_044_raw_ppo_dense_corridor_mono_trajectory.png
45,4,raw_ppo,obstacle_cluster,Obstacle Cluster,stereo,0060,9,9,48,2,0.0,0.0,0,1,collision_risk,3,4.242640687119286,39.6232255123179,37.36308338453881,0.0,0.6939621418714523,0.9999998807907104,-0.049999880790710494,0.12729209195822477,0.29396936297416687,0,0,0,0.0,1.8540419987402856,/Users/clintonimaro/Documents/Projects/uav-research/navigation/results/week05_collision_avoidance/final/trajectories/episode_045_raw_ppo_obstacle_cluster_stereo_trajectory.png
46,4,raw_ppo,obstacle_cluster,Obstacle Cluster,mono,0060,9,9,48,2,0.16666662693023682,0.0,0,0,max_steps,200,56.56854249492377,39.6232255123179,47.01063709417264,0.0,0.0008291871986578946,0.16666662693023682,0.7833333730697631,0.0027004136094992692,0.05561278387904167,0,0,0,0.0,126.19750000158092,/Users/clintonimaro/Documents/Projects/uav-research/navigation/results/week05_collision_avoidance/final/trajectories/episode_046_raw_ppo_obstacle_cluster_mono_trajectory.png
47,4,raw_ppo,lateral_maneuver,Lateral Maneuver,stereo,0010,1,2,46,37,0.0,0.0,0,0,max_steps,200,67.46803743153542,57.0087712549569,12.36931687685298,0.0,0.032525449585799705,0.7515430450439453,0.19845695495605464,0.02370304545815074,0.6547917127609253,0,0,0,0.0,128.1209580010909,/Users/clintonimaro/Documents/Projects/uav-research/navigation/results/week05_collision_avoidance/final/trajectories/episode_047_raw_ppo_lateral_maneuver_stereo_trajectory.png
48,4,raw_ppo,lateral_maneuver,Lateral Maneuver,mono,0010,1,2,46,37,0.0,0.11824844777584076,0,1,collision_risk,39,55.154328932550676,57.0087712549569,7.211102550927978,0.0,0.04611785709857941,0.9999998807907104,-0.049999880790710494,0.13099203878782645,0.6547917127609253,0,0,0,0.0,23.57549999942421,/Users/clintonimaro/Documents/Projects/uav-research/navigation/results/week05_collision_avoidance/final/trajectories/episode_048_raw_ppo_lateral_maneuver_mono_trajectory.png
49,4,raw_ppo,stress_density,Stress Density,stereo,0040,1,2,29,9,0.0,0.0,0,1,collision_risk,8,11.313708498984763,28.861739379323623,20.024984394500787,0.0,0.11057527197731866,0.9951774477958679,-0.045177447795867964,5.448496799292318e-05,0.00017676233255770057,0,0,0,0.0,5.187624999962281,/Users/clintonimaro/Documents/Projects/uav-research/navigation/results/week05_collision_avoidance/final/trajectories/episode_049_raw_ppo_stress_density_stereo_trajectory.png
50,4,raw_ppo,stress_density,Stress Density,mono,0040,1,2,29,9,0.0,0.0,0,1,collision_risk,29,41.012193308819754,28.861739379323623,22.02271554554524,0.0,0.05677082935969035,0.9999998807907104,-0.049999880790710494,0.06405678903773525,0.2496269941329956,0,0,0,0.0,19.756375000724802,/Users/clintonimaro/Documents/Projects/uav-research/navigation/results/week05_collision_avoidance/final/trajectories/episode_050_raw_ppo_stress_density_mono_trajectory.png
51,0,ppo_shield,baseline_open,Baseline Open,stereo,0020,2,2,38,46,0.0,0.0,1,0,goal_reached,54,73.8822509939085,56.85068161420758,0.0,0.7694768479495143,0.07742353816601363,0.43769291043281555,0.5123070895671844,0.1719046804803921,0.46591320633888245,0,0,15,0.2777777777777778,81.8263749970356,/Users/clintonimaro/Documents/Projects/uav-research/navigation/results/week05_collision_avoidance/final/trajectories/episode_051_ppo_shield_baseline_open_stereo_trajectory.png
52,0,ppo_shield,baseline_open,Baseline Open,mono,0020,2,2,38,46,0.0,0.1527777761220932,1,0,goal_reached,44,60.56854249492377,56.85068161420758,0.0,0.9386172965772162,0.007253085863259103,0.16512343287467957,0.7848765671253204,0.02294926506464334,0.10395790636539459,0,0,6,0.13636363636363635,66.42329199894448,/Users/clintonimaro/Documents/Projects/uav-research/navigation/results/week05_collision_avoidance/final/trajectories/episode_052_ppo_shield_baseline_open_mono_trajectory.png
53,0,ppo_shield,dense_corridor,Dense Corridor,stereo,0050,9,9,47,2,0.0,0.0,1,0,goal_reached,39,54.740115370177584,38.63935817272331,0.0,0.7058691402352074,0.0,0.0,0.95,0.09216927434506487,0.4699438810348511,0,0,23,0.5897435897435898,58.353832999273436,/Users/clintonimaro/Documents/Projects/uav-research/navigation/results/week05_collision_avoidance/final/trajectories/episode_053_ppo_shield_dense_corridor_stereo_trajectory.png
54,0,ppo_shield,dense_corridor,Dense Corridor,mono,0050,9,9,47,2,0.16666662693023682,0.0,1,0,goal_reached,39,54.740115370177584,38.63935817272331,0.0,0.7058691402352074,0.004166665673255921,0.16666662693023682,0.7833333730697631,1.0285799049001645e-05,0.00011011875903932378,0,0,23,0.5897435897435898,60.42400000296766,/Users/clintonimaro/Documents/Projects/uav-research/navigation/results/week05_collision_avoidance/final/trajectories/episode_054_ppo_shield_dense_corridor_mono_trajectory.png
55,0,ppo_shield,obstacle_cluster,Obstacle Cluster,stereo,0060,9,9,47,2,0.0,0.0,0,0,max_steps,200,237.27922061357884,38.63935817272331,5.0,0.0,0.0,0.0,0.95,0.35012184277603137,0.4897933602333069,0,0,159,0.795,306.54787499952363,/Users/clintonimaro/Documents/Projects/uav-research/navigation/results/week05_collision_avoidance/final/trajectories/episode_055_ppo_shield_obstacle_cluster_stereo_trajectory.png
56,0,ppo_shield,obstacle_cluster,Obstacle Cluster,mono,0060,9,9,47,2,0.16666662693023682,0.0,1,0,goal_reached,39,54.740115370177584,38.63935817272331,0.0,0.7058691402352074,0.004166665673255921,0.16666662693023682,0.7833333730697631,0.052144148702791424,0.17009690403938293,0,0,23,0.5897435897435898,58.70399999912479,/Users/clintonimaro/Documents/Projects/uav-research/navigation/results/week05_collision_avoidance/final/trajectories/episode_056_ppo_shield_obstacle_cluster_mono_trajectory.png
57,0,ppo_shield,lateral_maneuver,Lateral Maneuver,stereo,0010,2,2,46,37,0.0,0.0,1,0,goal_reached,44,60.982756057296854,56.22277118748239,0.0,0.9219453960830799,0.06591648895086513,0.43711408972740173,0.5128859102725982,0.07395514253699588,0.3294309377670288,0,0,6,0.13636363636363635,66.52241600022535,/Users/clintonimaro/Documents/Projects/uav-research/navigation/results/week05_collision_avoidance/final/trajectories/episode_057_ppo_shield_lateral_maneuver_stereo_trajectory.png
58,0,ppo_shield,lateral_maneuver,Lateral Maneuver,mono,0010,2,2,46,37,0.0,0.11824844777584076,1,0,goal_reached,44,61.811183182043045,56.22277118748239,0.0,0.9095889820115244,0.0026277432839075725,0.11824844777584076,0.8317515522241592,0.07070824099019767,0.47416627407073975,0,0,5,0.11363636363636363,68.30595899737091,/Users/clintonimaro/Documents/Projects/uav-research/navigation/results/week05_collision_avoidance/final/trajectories/episode_058_ppo_shield_lateral_maneuver_mono_trajectory.png
59,0,ppo_shield,stress_density,Stress Density,stereo,0040,2,2,29,9,0.0,0.0,1,0,goal_reached,27,34.87005768508882,27.892651361962706,0.0,0.7999026446661199,0.0,0.0,0.95,0.10694747309421317,0.3891279995441437,0,0,14,0.5185185185185185,41.39566700177966,/Users/clintonimaro/Documents/Projects/uav-research/navigation/results/week05_collision_avoidance/final/trajectories/episode_059_ppo_shield_stress_density_stereo_trajectory.png
60,0,ppo_shield,stress_density,Stress Density,mono,0040,2,2,29,9,0.0,0.0,1,0,goal_reached,27,38.18376618407357,27.892651361962706,0.0,0.7304845527154081,0.0,0.0,0.95,1.04926645281408e-05,6.46051048533991e-05,0,0,10,0.37037037037037035,43.71674999856623,/Users/clintonimaro/Documents/Projects/uav-research/navigation/results/week05_collision_avoidance/final/trajectories/episode_060_ppo_shield_stress_density_mono_trajectory.png
61,1,ppo_shield,baseline_open,Baseline Open,stereo,0020,2,4,37,44,0.0,0.11516202986240387,1,0,goal_reached,63,82.05382386916231,53.150729063673246,0.0,0.6477544440637396,0.10848885619270732,0.43769291043281555,0.5123070895671844,0.07218780761119624,0.47520506381988525,0,0,27,0.42857142857142855,94.60758299974259,/Users/clintonimaro/Documents/Projects/uav-research/navigation/results/week05_collision_avoidance/final/trajectories/episode_061_ppo_shield_baseline_open_stereo_trajectory.png
62,1,ppo_shield,baseline_open,Baseline Open,mono,0020,2,4,37,44,0.0,0.0,1,0,goal_reached,41,56.740115370177584,53.150729063673246,0.0,0.9367398835358923,0.00393151030653999,0.16512343287467957,0.7848765671253204,0.03301189309878913,0.3608032464981079,0,0,4,0.0975609756097561,60.63575000007404,/Users/clintonimaro/Documents/Projects/uav-research/navigation/results/week05_collision_avoidance/final/trajectories/episode_062_ppo_shield_baseline_open_mono_trajectory.png
63,1,ppo_shield,dense_corridor,Dense Corridor,stereo,0050,9,12,47,1,0.49035486578941345,0.0,0,0,max_steps,200,282.8427124746201,39.56008088970496,39.56008088970496,0.0,0.5204897138906356,0.5509259104728699,0.3990740895271301,0.01685389031225176,0.019639182835817337,0,0,200,1.0,288.9317500012112,/Users/clintonimaro/Documents/Projects/uav-research/navigation/results/week05_collision_avoidance/final/trajectories/episode_063_ppo_shield_dense_corridor_stereo_trajectory.png
64,1,ppo_shield,dense_corridor,Dense Corridor,mono,0050,9,12,47,1,0.21547067165374756,0.0,1,0,goal_reached,39,54.740115370177584,39.56008088970496,0.0,0.7226890301962589,0.005386766791343689,0.21547067165374756,0.7345293283462524,0.00027233252316300583,0.002580658532679081,0,0,25,0.6410256410256411,55.509624999103835,/Users/clintonimaro/Documents/Projects/uav-research/navigation/results/week05_collision_avoidance/final/trajectories/episode_064_ppo_shield_dense_corridor_mono_trajectory.png
65,1,ppo_shield,obstacle_cluster,Obstacle Cluster,stereo,0060,9,12,47,1,0.49035486578941345,0.0,0,0,max_steps,200,282.8427124746201,39.56008088970496,39.56008088970496,0.0,0.5204897138906356,0.5509259104728699,0.3990740895271301,2.9042714114117887e-05,3.4176242479588836e-05,0,0,200,1.0,291.7120829988562,/Users/clintonimaro/Documents/Projects/uav-research/navigation/results/week05_collision_avoidance/final/trajectories/episode_065_ppo_shield_obstacle_cluster_stereo_trajectory.png
66,1,ppo_shield,obstacle_cluster,Obstacle Cluster,mono,0060,9,12,47,1,0.21547067165374756,0.0,1,0,goal_reached,39,54.740115370177584,39.56008088970496,0.0,0.7226890301962589,0.005386766791343689,0.21547067165374756,0.7345293283462524,0.0015056600134307541,0.00701216422021389,0,0,25,0.6410256410256411,57.69458400027361,/Users/clintonimaro/Documents/Projects/uav-research/navigation/results/week05_collision_avoidance/final/trajectories/episode_066_ppo_shield_obstacle_cluster_mono_trajectory.png
67,1,ppo_shield,lateral_maneuver,Lateral Maneuver,stereo,0010,2,4,45,35,0.0,0.0,1,0,goal_reached,46,60.91168824543139,53.009433122794285,0.0,0.870267015243502,0.06325518250703177,0.446180522441864,0.5038194775581359,0.16845597399410606,0.7565454244613647,1,0,14,0.30434782608695654,66.22545899881516,/Users/clintonimaro/Documents/Projects/uav-research/navigation/results/week05_collision_avoidance/final/trajectories/episode_067_ppo_shield_lateral_maneuver_stereo_trajectory.png
68,1,ppo_shield,lateral_maneuver,Lateral Maneuver,mono,0010,2,4,45,35,0.0,0.036651235073804855,1,0,goal_reached,43,60.811183182043045,53.009433122794285,0.0,0.8717053401856429,0.0008329826153137467,0.036651235073804855,0.9133487649261951,0.06650104395453772,0.774375855922699,1,0,6,0.13953488372093023,63.47829199876287,/Users/clintonimaro/Documents/Projects/uav-research/navigation/results/week05_collision_avoidance/final/trajectories/episode_068_ppo_shield_lateral_maneuver_mono_trajectory.png
69,1,ppo_shield,stress_density,Stress Density,stereo,0040,2,4,29,7,0.0,0.0,1,0,goal_reached,27,38.18376618407357,27.16615541441225,0.0,0.7114582486036498,0.0,0.0,0.95,0.05958196260351568,0.33995410799980164,0,0,12,0.4444444444444444,40.829375000612345,/Users/clintonimaro/Documents/Projects/uav-research/navigation/results/week05_collision_avoidance/final/trajectories/episode_069_ppo_shield_stress_density_stereo_trajectory.png
70,1,ppo_shield,stress_density,Stress Density,mono,0040,2,4,29,7,0.0,0.07040894776582718,1,0,goal_reached,27,38.18376618407357,27.16615541441225,0.0,0.7114582486036498,0.002514605277350971,0.07040894776582718,0.8795910522341728,0.0006855064896203739,0.009514075703918934,0,0,12,0.4444444444444444,39.21449999688775,/Users/clintonimaro/Documents/Projects/uav-research/navigation/results/week05_collision_avoidance/final/trajectories/episode_070_ppo_shield_stress_density_mono_trajectory.png
71,2,ppo_shield,baseline_open,Baseline Open,stereo,0020,4,2,36,46,0.0,0.0,1,0,goal_reached,52,69.39696961966995,54.405882034941776,0.0,0.7839806598632935,0.07450355005995282,0.43769291043281555,0.5123070895671844,0.01806526019760409,0.09567324072122574,0,0,18,0.34615384615384615,76.81779199992889,/Users/clintonimaro/Documents/Projects/uav-research/navigation/results/week05_collision_avoidance/final/trajectories/episode_071_ppo_shield_baseline_open_stereo_trajectory.png
72,2,ppo_shield,baseline_open,Baseline Open,mono,0020,4,2,36,46,0.0,0.0,1,0,goal_reached,46,63.39696961966995,54.405882034941776,0.0,0.8581779596301312,0.0,0.0,0.95,0.13178243433998382,0.492336243391037,0,0,8,0.17391304347826086,67.1322499983944,/Users/clintonimaro/Documents/Projects/uav-research/navigation/results/week05_collision_avoidance/final/trajectories/episode_072_ppo_shield_baseline_open_mono_trajectory.png
73,2,ppo_shield,dense_corridor,Dense Corridor,stereo,0050,11,9,45,2,0.0,0.0,1,0,goal_reached,35,49.083261120685215,34.713109915419565,0.0,0.7072290863084152,0.0,0.0,0.95,0.17669756151719085,0.4742642939090729,0,0,21,0.6,50.09937499926309,/Users/clintonimaro/Documents/Projects/uav-research/navigation/results/week05_collision_avoidance/final/trajectories/episode_073_ppo_shield_dense_corridor_stereo_trajectory.png
74,2,ppo_shield,dense_corridor,Dense Corridor,mono,0050,11,9,45,2,0.0,0.0,1,0,goal_reached,35,49.083261120685215,34.713109915419565,0.0,0.7072290863084152,0.0,0.0,0.95,0.04765689971783556,0.21345826983451843,0,0,21,0.6,50.035541997203836,/Users/clintonimaro/Documents/Projects/uav-research/navigation/results/week05_collision_avoidance/final/trajectories/episode_074_ppo_shield_dense_corridor_mono_trajectory.png
75,2,ppo_shield,obstacle_cluster,Obstacle Cluster,stereo,0060,11,9,45,2,0.0,0.0,1,0,goal_reached,35,49.083261120685215,34.713109915419565,0.0,0.7072290863084152,0.0,0.0,0.95,0.023062745070088257,0.2779422998428345,0,0,21,0.6,50.071707999450155,/Users/clintonimaro/Documents/Projects/uav-research/navigation/results/week05_collision_avoidance/final/trajectories/episode_075_ppo_shield_obstacle_cluster_stereo_trajectory.png
76,2,ppo_shield,obstacle_cluster,Obstacle Cluster,mono,0060,11,9,45,2,0.0,0.0,1,0,goal_reached,35,49.083261120685215,34.713109915419565,0.0,0.7072290863084152,0.0,0.0,0.95,0.020209977430383295,0.09088460355997086,0,0,21,0.6,51.19370800093748,/Users/clintonimaro/Documents/Projects/uav-research/navigation/results/week05_collision_avoidance/final/trajectories/episode_076_ppo_shield_obstacle_cluster_mono_trajectory.png
77,2,ppo_shield,lateral_maneuver,Lateral Maneuver,stereo,0010,4,2,44,37,0.0,0.0,1,0,goal_reached,44,58.49747468305829,53.150729063673246,0.0,0.9085986933905449,0.06099965521651837,0.45679014921188354,0.4932098507881164,0.12632303999677486,0.49008801579475403,0,0,11,0.25,63.69016700045904,/Users/clintonimaro/Documents/Projects/uav-research/navigation/results/week05_collision_avoidance/final/trajectories/episode_077_ppo_shield_lateral_maneuver_stereo_trajectory.png
78,2,ppo_shield,lateral_maneuver,Lateral Maneuver,mono,0010,4,2,44,37,0.0,0.0,1,0,goal_reached,41,57.56854249492377,53.150729063673246,0.0,0.9232599395470178,0.0,0.0,0.95,0.00018710212207162326,0.0007625988218933344,0,0,3,0.07317073170731707,58.92758299887646,/Users/clintonimaro/Documents/Projects/uav-research/navigation/results/week05_collision_avoidance/final/trajectories/episode_078_ppo_shield_lateral_maneuver_mono_trajectory.png
79,2,ppo_shield,stress_density,Stress Density,stereo,0040,4,2,27,9,0.0,0.0,1,0,goal_reached,23,30.041630560342625,24.041630560342615,0.0,0.8002771524685316,0.0,0.0,0.95,0.20131687748168284,0.4797230362892151,0,0,11,0.4782608695652174,33.210083998710616,/Users/clintonimaro/Documents/Projects/uav-research/navigation/results/week05_collision_avoidance/final/trajectories/episode_079_ppo_shield_stress_density_stereo_trajectory.png
80,2,ppo_shield,stress_density,Stress Density,mono,0040,4,2,27,9,0.0,0.0,1,0,goal_reached,23,32.5269119345812,24.041630560342615,0.0,0.7391304347826083,0.0,0.0,0.95,0.010093100552497883,0.12022892385721207,0,0,8,0.34782608695652173,34.319334001338575,/Users/clintonimaro/Documents/Projects/uav-research/navigation/results/week05_collision_avoidance/final/trajectories/episode_080_ppo_shield_stress_density_mono_trajectory.png
81,3,ppo_shield,baseline_open,Baseline Open,stereo,0020,2,1,38,46,0.0,0.0,1,0,goal_reached,54,71.81118318204304,57.62811813689564,0.0,0.8024950374485127,0.07652917744761163,0.43769291043281555,0.5123070895671844,0.1788537113027732,0.48704615235328674,0,0,18,0.3333333333333333,79.7625839986722,/Users/clintonimaro/Documents/Projects/uav-research/navigation/results/week05_collision_avoidance/final/trajectories/episode_081_ppo_shield_baseline_open_stereo_trajectory.png
82,3,ppo_shield,baseline_open,Baseline Open,mono,0020,2,1,38,46,0.0,0.1527777761220932,1,0,goal_reached,45,60.740115370177584,57.62811813689564,0.0,0.9487653717100134,0.007292504827289477,0.16512343287467957,0.7848765671253204,0.08204035705019554,0.4383018910884857,0,0,8,0.17777777777777778,65.31941700086463,/Users/clintonimaro/Documents/Projects/uav-research/navigation/results/week05_collision_avoidance/final/trajectories/episode_082_ppo_shield_baseline_open_mono_trajectory.png
83,3,ppo_shield,dense_corridor,Dense Corridor,stereo,0050,10,7,47,4,0.0,0.0,1,0,goal_reached,37,52.32590180780449,37.12142238654117,0.0,0.7094272836976591,0.0,0.0,0.95,0.049303396032110224,0.44091132283210754,0,0,20,0.5405405405405406,53.36791599984281,/Users/clintonimaro/Documents/Projects/uav-research/navigation/results/week05_collision_avoidance/final/trajectories/episode_083_ppo_shield_dense_corridor_stereo_trajectory.png
84,3,ppo_shield,dense_corridor,Dense Corridor,mono,0050,10,7,47,4,0.27681323885917664,0.0,1,0,goal_reached,37,52.32590180780449,37.12142238654117,0.0,0.7094272836976591,0.007284558917346753,0.27681323885917664,0.6731867611408233,0.020599854941455876,0.28662776947021484,0,0,20,0.5405405405405406,53.81079200014938,/Users/clintonimaro/Documents/Projects/uav-research/navigation/results/week05_collision_avoidance/final/trajectories/episode_084_ppo_shield_dense_corridor_mono_trajectory.png
85,3,ppo_shield,obstacle_cluster,Obstacle Cluster,stereo,0060,10,7,47,4,0.0,0.0,1,0,goal_reached,37,48.18376618407354,37.12142238654117,0.0,0.7704134675718048,0.0,0.0,0.95,0.07753443798547904,0.25635814666748047,0,0,25,0.6756756756756757,54.64658300115843,/Users/clintonimaro/Documents/Projects/uav-research/navigation/results/week05_collision_avoidance/final/trajectories/episode_085_ppo_shield_obstacle_cluster_stereo_trajectory.png
86,3,ppo_shield,obstacle_cluster,Obstacle Cluster,mono,0060,10,7,47,4,0.27681323885917664,0.0,1,0,goal_reached,37,52.32590180780449,37.12142238654117,0.0,0.7094272836976591,0.007284558917346753,0.27681323885917664,0.6731867611408233,0.11015654541302804,0.40542465448379517,0,0,20,0.5405405405405406,54.55962500127498,/Users/clintonimaro/Documents/Projects/uav-research/navigation/results/week05_collision_avoidance/final/trajectories/episode_086_ppo_shield_obstacle_cluster_mono_trajectory.png
87,3,ppo_shield,lateral_maneuver,Lateral Maneuver,stereo,0010,2,1,45,38,0.0,0.3078703284263611,1,0,goal_reached,48,65.39696961966996,56.72741841473134,0.0,0.8674319122834246,0.08440806222746947,0.43711408972740173,0.5128859102725982,0.1273198437097452,0.4992618262767792,0,0,11,0.22916666666666666,95.42704100022092,/Users/clintonimaro/Documents/Projects/uav-research/navigation/results/week05_collision_avoidance/final/trajectories/episode_087_ppo_shield_lateral_maneuver_stereo_trajectory.png
88,3,ppo_shield,lateral_maneuver,Lateral Maneuver,mono,0010,2,1,45,38,0.0,0.15740740299224854,1,0,goal_reached,43,59.154328932550676,56.72741841473134,0.0,0.9589732389562468,0.004191217605363239,0.15740740299224854,0.7925925970077514,0.03583613264792327,0.18360227346420288,0,0,5,0.11627906976744186,92.10424999764655,/Users/clintonimaro/Documents/Projects/uav-research/navigation/results/week05_collision_avoidance/final/trajectories/episode_088_ppo_shield_lateral_maneuver_mono_trajectory.png
89,3,ppo_shield,stress_density,Stress Density,stereo,0040,2,1,29,9,0.0,0.0,1,0,goal_reached,27,30.313708498984763,28.160255680657446,0.0,0.9289610897195426,0.0,0.0,0.95,0.018782350727025405,0.0819784551858902,0,0,19,0.7037037037037037,44.832915998995304,/Users/clintonimaro/Documents/Projects/uav-research/navigation/results/week05_collision_avoidance/final/trajectories/episode_089_ppo_shield_stress_density_stereo_trajectory.png
90,3,ppo_shield,stress_density,Stress Density,mono,0040,2,1,29,9,0.0,0.0,1,0,goal_reached,28,39.18376618407357,28.160255680657446,0.0,0.7186714913612188,0.0,0.0,0.95,0.0004336491428038526,0.0019976210314780474,0,0,10,0.35714285714285715,43.584749997535255,/Users/clintonimaro/Documents/Projects/uav-research/navigation/results/week05_collision_avoidance/final/trajectories/episode_090_ppo_shield_stress_density_mono_trajectory.png
91,4,ppo_shield,baseline_open,Baseline Open,stereo,0020,1,2,39,45,0.0,0.0,1,0,goal_reached,51,69.22539674441613,57.38466694161429,0.0,0.8289539625678355,0.09915864834776865,0.45640426874160767,0.4935957312583923,0.025392230755931652,0.19850409030914307,0,0,13,0.2549019607843137,75.5940829985775,/Users/clintonimaro/Documents/Projects/uav-research/navigation/results/week05_collision_avoidance/final/trajectories/episode_091_ppo_shield_baseline_open_stereo_trajectory.png
92,4,ppo_shield,baseline_open,Baseline Open,mono,0020,1,2,39,45,0.0,0.4484953284263611,1,0,goal_reached,43,58.740115370177584,57.38466694161429,0.0,0.9769246549820115,0.014151934534311295,0.4484953284263611,0.5015046715736389,0.08626456892453098,0.4610689580440521,0,0,5,0.11627906976744186,61.70612500136485,/Users/clintonimaro/Documents/Projects/uav-research/navigation/results/week05_collision_avoidance/final/trajectories/episode_092_ppo_shield_baseline_open_mono_trajectory.png
93,4,ppo_shield,dense_corridor,Dense Corridor,stereo,0050,9,9,48,2,0.0,0.0,1,0,goal_reached,39,55.154328932550676,39.6232255123179,0.0,0.7184064474934312,0.0,0.0,0.95,0.16410509234740403,0.4937126934528351,0,0,23,0.5897435897435898,56.91845799810835,/Users/clintonimaro/Documents/Projects/uav-research/navigation/results/week05_collision_avoidance/final/trajectories/episode_093_ppo_shield_dense_corridor_stereo_trajectory.png
94,4,ppo_shield,dense_corridor,Dense Corridor,mono,0050,9,9,48,2,0.16666662693023682,0.0,1,0,goal_reached,41,57.154328932550676,39.6232255123179,0.0,0.6932672686801784,0.003968253022148495,0.16666662693023682,0.7833333730697631,0.18547577683265054,0.4937126934528351,0,0,24,0.5853658536585366,58.37354200048139,/Users/clintonimaro/Documents/Projects/uav-research/navigation/results/week05_collision_avoidance/final/trajectories/episode_094_ppo_shield_dense_corridor_mono_trajectory.png
95,4,ppo_shield,obstacle_cluster,Obstacle Cluster,stereo,0060,9,9,48,2,0.0,0.0,1,0,goal_reached,39,55.154328932550676,39.6232255123179,0.0,0.7184064474934312,0.0,0.0,0.95,0.1272525156586198,0.4048111140727997,0,0,23,0.5897435897435898,58.77433299974655,/Users/clintonimaro/Documents/Projects/uav-research/navigation/results/week05_collision_avoidance/final/trajectories/episode_095_ppo_shield_obstacle_cluster_stereo_trajectory.png
96,4,ppo_shield,obstacle_cluster,Obstacle Cluster,mono,0060,9,9,48,2,0.16666662693023682,0.0,1,0,goal_reached,39,55.154328932550676,39.6232255123179,0.0,0.7184064474934312,0.004166665673255921,0.16666662693023682,0.7833333730697631,0.03318190905636129,0.1391017735004425,0,0,23,0.5897435897435898,55.67229100051918,/Users/clintonimaro/Documents/Projects/uav-research/navigation/results/week05_collision_avoidance/final/trajectories/episode_096_ppo_shield_obstacle_cluster_mono_trajectory.png
97,4,ppo_shield,lateral_maneuver,Lateral Maneuver,stereo,0010,1,2,46,37,0.0,0.0,1,0,goal_reached,47,64.81118318204304,57.0087712549569,0.0,0.8796131848855381,0.05675716584907301,0.3780863881111145,0.5719136118888855,0.09362225772214743,0.48822829127311707,0,0,9,0.19148936170212766,67.38554099865723,/Users/clintonimaro/Documents/Projects/uav-research/navigation/results/week05_collision_avoidance/final/trajectories/episode_097_ppo_shield_lateral_maneuver_stereo_trajectory.png
98,4,ppo_shield,lateral_maneuver,Lateral Maneuver,mono,0010,1,2,46,37,0.0,0.11824844777584076,1,0,goal_reached,47,64.81118318204304,57.0087712549569,0.0,0.8796131848855381,0.003026137904574474,0.11824844777584076,0.8317515522241592,0.13126494499523744,0.48822829127311707,0,0,9,0.19148936170212766,67.46395799927996,/Users/clintonimaro/Documents/Projects/uav-research/navigation/results/week05_collision_avoidance/final/trajectories/episode_098_ppo_shield_lateral_maneuver_mono_trajectory.png
99,4,ppo_shield,stress_density,Stress Density,stereo,0040,1,2,29,9,0.0,0.0,1,0,goal_reached,28,30.899494936611667,28.861739379323623,0.0,0.9340521402868115,0.0,0.0,0.95,0.03889636349421427,0.143341526389122,0,0,21,0.75,40.79841699785902,/Users/clintonimaro/Documents/Projects/uav-research/navigation/results/week05_collision_avoidance/final/trajectories/episode_099_ppo_shield_stress_density_stereo_trajectory.png
100,4,ppo_shield,stress_density,Stress Density,mono,0040,1,2,29,9,0.0,0.0,1,0,goal_reached,29,40.59797974644666,28.861739379323623,0.0,0.710915655399078,0.0,0.0,0.95,0.0019789907741092306,0.019349396228790283,0,0,11,0.3793103448275862,42.536291999567766,/Users/clintonimaro/Documents/Projects/uav-research/navigation/results/week05_collision_avoidance/final/trajectories/episode_100_ppo_shield_stress_density_mono_trajectory.png
